angle_right_shoulder_hip_knee,angle_right_hip_knee_ankle,angle_left_shoulder_hip_knee,angle_left_hip_knee_ankle,angle_right_elbow_shoulder_hip,angle_left_elbow_shoulder_hip,angle_right_wrist_elbow_shoulder,angle_left_wrist_elbow_shoulder,ndright_shoulder,aright_shoulder,ndright_elbow,aright_elbow,ndright_wrist,aright_wrist,ndright_hip,aright_hip,ndright_knee,aright_knee,ndright_ankle,aright_ankle,ndleft_shoulder,aleft_shoulder,ndleft_elbow,aleft_elbow,ndleft_wrist,aleft_wrist,ndleft_hip,aleft_hip,ndleft_knee,aleft_knee,ndleft_ankle,aleft_ankle
215.1,25.6,178.3,179.0,13.2,19.4,42.7,41.7,0.0,119.8,0.19,109.3,0.09,93.1,0.38,96.5,0.61,104.2,0.49,93.4,0.0,63.1,0.18,70.8,0.09,86.4,0.39,87.2,0.7,90.3,1.0,91.4
181.6,180.3,145.3,25.0,19.0,12.4,38.2,42.8,0.01,118.1,0.2,109.7,0.09,94.1,0.39,93.5,0.71,90.1,1.0,88.7,0.0,60.7,0.19,71.6,0.1,85.5,0.38,83.8,0.62,75.8,0.5,86.7
229.2,64.2,177.0,179.1,22.0,24.6,54.4,53.2,0.0,118.0,0.19,113.6,0.13,95.5,0.38,97.3,0.58,108.8,0.61,94.5,0.01,61.4,0.2,68.0,0.12,87.1,0.4,87.3,0.71,90.3,1.0,91.6
184.0,180.4,132.3,292.4,25.0,20.0,48.9,55.0,0.0,119.0,0.21,112.3,0.12,94.7,0.38,93.2,0.73,90.1,1.0,89.0,0.0,63.3,0.19,68.6,0.13,85.5,0.37,83.6,0.59,72.2,0.63,86.5
242.1,26.0,173.4,186.4,18.2,26.4,33.1,30.1,0.01,131.6,0.19,117.7,0.0,94.9,0.39,99.7,0.63,115.9,0.51,94.9,0.01,50.4,0.22,62.7,0.02,83.5,0.4,85.6,0.7,88.3,1.0,91.3
187.2,172.1,120.8,28.7,22.3,20.1,31.3,32.7,0.02,131.5,0.22,116.4,0.02,98.0,0.39,95.8,0.71,92.4,1.0,89.1,0.0,50.2,0.19,62.9,0.01,85.7,0.36,81.1,0.61,64.9,0.51,86.5
181.7,175.8,126.5,296.4,179.7,176.9,158.6,199.0,0.01,123.0,0.03,234.9,0.18,264.2,0.41,92.0,0.71,89.9,1.0,87.8,0.0,55.3,0.03,299.3,0.18,273.2,0.39,82.5,0.51,71.4,0.56,86.2
232.7,67.3,180.1,181.6,184.0,180.4,164.1,199.8,0.0,118.7,0.01,240.6,0.16,266.0,0.4,97.1,0.51,107.2,0.57,93.0,0.0,53.0,0.03,306.1,0.18,276.3,0.42,87.2,0.71,90.0,1.0,91.7
181.7,178.6,139.5,46.9,168.0,186.8,180.8,181.3,0.01,123.6,0.01,251.6,0.18,266.6,0.4,93.0,0.72,90.5,1.0,89.2,0.0,60.4,0.01,286.2,0.18,272.1,0.39,84.8,0.58,74.3,0.55,87.6
223.3,48.2,177.3,181.0,173.7,191.4,180.7,184.0,0.02,113.3,0.0,253.4,0.17,267.3,0.4,94.8,0.57,105.2,0.55,92.0,0.02,58.3,0.01,294.0,0.18,272.2,0.41,87.6,0.72,89.6,1.0,90.7
176.1,184.2,112.7,338.0,170.2,177.4,148.8,207.9,0.04,126.1,0.0,215.3,0.13,266.4,0.45,90.9,0.7,85.6,1.0,83.5,0.06,42.5,0.02,336.0,0.12,280.5,0.4,72.2,0.75,49.0,0.6,67.0
251.0,15.1,197.3,161.7,174.7,184.0,153.7,216.9,0.08,143.8,0.04,203.9,0.13,258.2,0.42,107.1,0.73,128.7,0.53,106.1,0.02,58.9,0.0,319.8,0.12,270.6,0.47,89.5,0.69,96.9,1.0,97.4
181.3,180.8,145.4,23.6,19.0,12.2,38.3,43.3,0.01,118.0,0.2,109.6,0.09,93.7,0.39,93.5,0.7,90.0,1.0,88.7,0.0,60.5,0.19,71.6,0.1,85.7,0.38,83.7,0.62,75.8,0.49,86.6
215.2,25.3,178.4,178.7,13.1,19.5,42.9,41.9,0.0,119.7,0.19,109.2,0.09,93.2,0.38,96.5,0.61,104.2,0.49,93.4,0.0,62.9,0.18,70.6,0.09,86.1,0.39,87.2,0.71,90.3,1.0,91.3
183.9,180.3,132.0,292.8,25.0,19.9,49.2,55.4,0.0,118.9,0.21,112.3,0.12,94.6,0.38,93.2,0.73,90.1,1.0,89.0,0.0,63.4,0.19,68.6,0.13,85.4,0.37,83.6,0.59,72.1,0.63,86.6
229.2,64.2,176.8,179.2,22.1,24.7,54.3,53.7,0.0,117.9,0.19,113.6,0.13,95.5,0.38,97.2,0.58,108.7,0.61,94.4,0.01,61.2,0.2,67.9,0.12,86.9,0.4,87.3,0.71,90.3,1.0,91.5
187.1,172.2,120.8,28.9,22.3,20.2,31.1,32.6,0.02,131.3,0.22,116.4,0.01,98.1,0.39,95.9,0.71,92.5,1.0,89.1,0.0,50.2,0.19,62.9,0.01,85.7,0.36,81.1,0.61,64.9,0.5,86.5
242.1,25.9,173.5,186.3,18.1,26.6,33.4,30.3,0.01,131.7,0.19,117.7,0.0,95.0,0.39,99.8,0.63,116.0,0.51,94.9,0.01,50.6,0.22,62.7,0.02,83.5,0.4,85.6,0.7,88.4,1.0,91.3
244.6,23.4,176.6,181.2,36.6,44.5,27.8,33.9,0.0,115.9,0.18,119.4,0.06,100.9,0.34,96.9,0.56,116.6,0.46,95.0,0.01,54.1,0.2,53.6,0.06,78.0,0.36,82.7,0.69,87.0,1.0,89.2
184.6,178.7,114.9,23.5,47.5,33.5,28.9,27.9,0.02,124.9,0.2,127.0,0.06,102.2,0.36,96.7,0.69,92.8,1.0,90.7,0.0,61.1,0.19,60.5,0.06,80.2,0.34,82.5,0.57,62.8,0.46,84.8
243.9,24.1,175.5,181.6,35.9,44.7,24.4,29.7,0.0,115.3,0.18,118.8,0.05,102.0,0.34,97.0,0.56,116.4,0.46,94.8,0.01,54.6,0.19,54.0,0.05,76.3,0.35,83.1,0.69,87.0,1.0,89.2
186.1,178.3,115.2,23.3,47.7,33.2,27.0,25.7,0.02,124.7,0.19,126.5,0.05,103.1,0.36,96.4,0.69,92.9,1.0,90.9,0.0,62.9,0.18,61.3,0.05,80.1,0.34,82.7,0.56,63.0,0.46,85.5
242.6,22.8,176.0,181.2,36.5,43.5,22.2,30.5,0.0,115.8,0.17,119.6,0.04,101.5,0.33,97.2,0.57,116.4,0.46,95.5,0.01,53.4,0.18,53.9,0.04,77.3,0.36,83.0,0.68,87.1,1.0,89.2
185.1,179.9,116.0,23.7,46.2,33.0,25.1,23.9,0.02,123.7,0.19,125.4,0.04,102.2,0.36,96.3,0.69,92.6,1.0,91.0,0.0,62.2,0.18,61.0,0.04,79.4,0.34,82.5,0.57,62.9,0.47,85.2
241.0,22.1,175.4,181.1,33.6,41.5,18.3,31.2,0.0,114.0,0.18,117.8,0.03,101.2,0.34,97.1,0.57,116.0,0.45,95.4,0.02,53.4,0.18,54.9,0.04,79.4,0.36,83.0,0.69,87.0,1.0,89.0
183.4,181.2,116.2,26.0,42.9,31.2,27.5,20.5,0.02,123.9,0.17,124.4,0.03,100.3,0.36,96.6,0.69,92.5,1.0,91.0,0.0,61.8,0.19,62.0,0.03,77.9,0.34,82.6,0.58,63.1,0.48,85.6
242.6,22.5,176.4,180.3,32.9,41.7,19.0,32.5,0.0,114.9,0.18,117.6,0.03,101.1,0.34,96.8,0.57,116.1,0.46,95.3,0.01,53.2,0.17,54.4,0.04,78.1,0.36,83.0,0.68,87.1,1.0,89.1
182.8,181.8,115.0,23.5,39.3,32.3,30.6,17.1,0.01,124.3,0.16,123.3,0.02,96.8,0.36,96.6,0.69,92.4,1.0,91.1,0.0,62.1,0.19,61.7,0.03,75.7,0.34,82.9,0.57,63.1,0.47,85.4
241.7,22.7,175.9,179.9,31.3,37.5,17.6,35.9,0.0,114.2,0.18,116.7,0.03,101.5,0.34,97.1,0.57,116.0,0.46,95.2,0.01,52.5,0.15,55.9,0.03,80.3,0.36,83.2,0.69,87.1,1.0,88.9
184.1,180.6,117.3,25.7,38.3,30.8,36.1,19.0,0.01,125.5,0.15,123.4,0.03,96.3,0.36,96.3,0.69,92.5,1.0,91.0,0.0,63.8,0.19,62.8,0.05,76.3,0.35,82.9,0.57,64.2,0.47,85.6
241.1,22.8,174.8,180.2,27.9,32.9,17.5,37.3,0.0,114.9,0.19,115.7,0.04,103.2,0.35,97.3,0.58,115.9,0.47,95.2,0.01,52.4,0.16,58.2,0.03,83.5,0.36,83.6,0.69,87.3,1.0,89.0
184.7,180.8,117.7,24.5,34.2,28.6,36.8,16.0,0.02,126.6,0.15,122.2,0.01,91.3,0.36,96.6,0.69,92.8,1.0,91.3,0.0,64.5,0.19,64.1,0.03,77.2,0.35,82.9,0.57,64.2,0.47,85.8
239.4,24.9,174.1,180.7,30.7,35.7,14.3,40.7,0.0,112.1,0.19,116.2,0.03,102.0,0.35,97.1,0.56,115.0,0.47,95.0,0.02,51.5,0.16,56.5,0.04,83.3,0.36,83.4,0.68,86.9,1.0,88.8
185.6,180.3,118.6,27.9,33.6,28.1,39.2,14.3,0.02,126.9,0.16,121.8,0.03,91.3,0.37,96.2,0.7,92.7,1.0,91.3,0.0,66.0,0.19,64.6,0.05,75.2,0.35,83.1,0.56,64.7,0.48,86.1
239.2,24.8,174.7,179.1,30.1,33.7,14.1,44.3,0.0,111.5,0.19,115.6,0.04,103.2,0.35,96.9,0.57,114.7,0.47,94.8,0.02,52.9,0.15,57.8,0.04,85.3,0.37,83.5,0.68,87.1,1.0,88.6
185.4,180.4,118.2,27.3,34.9,29.6,39.5,12.5,0.02,126.1,0.16,122.1,0.03,91.7,0.37,96.4,0.69,92.8,1.0,91.3,0.0,67.2,0.19,64.6,0.05,74.4,0.35,83.5,0.56,64.9,0.48,85.9
238.1,23.8,174.7,179.9,29.3,30.0,14.3,45.6,0.0,111.9,0.19,115.5,0.04,102.8,0.35,97.0,0.57,114.9,0.47,94.6,0.02,52.3,0.15,58.9,0.03,87.4,0.37,83.4,0.69,87.2,1.0,88.8
184.7,180.5,118.7,26.9,30.9,28.1,41.0,11.4,0.02,127.7,0.16,121.3,0.03,91.0,0.37,96.6,0.7,92.8,1.0,91.2,0.0,67.9,0.2,65.2,0.05,74.4,0.35,83.4,0.56,64.8,0.48,86.0
239.9,24.0,175.9,179.7,29.6,28.2,13.0,47.7,0.0,111.2,0.19,115.1,0.04,102.6,0.35,96.4,0.57,114.8,0.47,94.2,0.02,51.6,0.15,59.1,0.04,89.4,0.37,82.9,0.69,87.1,1.0,88.8
185.4,180.0,120.2,27.3,31.2,28.2,42.0,9.3,0.02,127.7,0.16,121.3,0.03,90.9,0.37,96.5,0.7,92.8,1.0,91.2,0.0,69.1,0.2,65.5,0.05,73.8,0.35,83.4,0.56,65.1,0.48,85.8
238.4,26.0,174.5,180.0,30.0,23.9,6.7,52.8,0.0,108.2,0.19,114.6,0.04,105.3,0.35,96.4,0.56,114.7,0.48,93.9,0.02,51.0,0.15,60.9,0.04,92.3,0.36,83.1,0.69,87.1,1.0,88.8
184.5,181.7,120.5,28.4,29.0,28.7,46.1,8.3,0.02,127.7,0.15,120.6,0.03,87.9,0.37,96.3,0.69,92.4,1.0,91.1,0.0,69.2,0.2,65.2,0.06,72.7,0.35,83.5,0.56,65.5,0.48,85.8
240.4,26.3,175.7,179.4,28.3,21.3,6.7,55.0,0.0,108.7,0.19,113.6,0.04,105.2,0.35,96.2,0.55,114.5,0.47,93.7,0.02,51.6,0.14,61.7,0.04,94.9,0.37,83.0,0.69,87.2,1.0,88.9
184.5,180.3,121.3,27.7,22.9,27.3,53.8,8.2,0.03,127.9,0.15,118.8,0.05,85.9,0.38,96.7,0.69,92.8,1.0,91.1,0.0,70.0,0.2,65.8,0.06,73.4,0.36,83.5,0.56,65.6,0.48,85.9
238.1,26.7,176.2,178.2,35.8,13.7,2.5,55.1,0.01,106.6,0.18,116.5,0.02,105.2,0.36,95.9,0.55,113.4,0.48,94.2,0.03,49.8,0.12,62.3,0.0,99.4,0.37,82.9,0.68,87.3,1.0,88.8
184.7,183.5,123.1,27.7,16.5,29.8,56.7,5.4,0.05,128.7,0.13,119.1,0.01,82.6,0.38,96.8,0.7,92.5,1.0,91.5,0.0,73.3,0.19,65.6,0.04,74.2,0.37,84.3,0.57,66.9,0.49,86.9
237.9,28.1,175.7,177.8,38.8,5.1,0.5,59.5,0.02,105.0,0.18,117.4,0.03,105.1,0.36,95.5,0.55,113.1,0.48,93.7,0.05,48.3,0.13,63.5,0.0,99.6,0.38,82.6,0.69,87.1,1.0,88.6
184.6,184.0,122.6,28.1,2.1,31.8,65.1,2.2,0.05,130.3,0.12,116.0,0.0,82.2,0.38,97.3,0.69,92.6,1.0,91.7,0.0,74.6,0.18,65.3,0.03,73.9,0.36,84.6,0.56,67.1,0.49,87.5
238.0,28.7,175.6,178.0,50.2,3.3,10.9,60.9,0.06,111.1,0.19,124.5,0.03,118.1,0.39,96.6,0.57,113.1,0.51,94.6,0.08,51.6,0.11,59.5,0.0,102.3,0.4,83.8,0.7,87.7,1.0,88.9
182.9,185.0,121.6,29.2,11.5,52.2,78.5,11.6,0.08,128.7,0.1,120.7,0.0,80.9,0.41,96.8,0.71,92.1,1.0,91.3,0.06,69.3,0.19,55.4,0.02,62.5,0.39,83.9,0.58,67.1,0.52,85.5
237.0,28.6,177.7,175.7,60.9,14.4,22.4,76.9,0.07,109.4,0.18,127.9,0.02,126.9,0.4,96.1,0.58,112.8,0.52,93.9,0.1,52.8,0.11,57.7,0.0,102.4,0.42,83.2,0.71,87.8,1.0,88.7
182.2,185.0,122.0,28.7,31.3,59.6,96.4,17.7,0.1,127.0,0.1,121.4,0.0,73.2,0.42,96.6,0.72,92.0,1.0,91.2,0.08,68.6,0.19,52.6,0.02,57.9,0.41,83.8,0.59,67.2,0.53,85.1
236.5,30.2,177.0,175.8,71.1,49.5,35.9,105.4,0.1,116.8,0.18,134.6,0.02,161.6,0.42,97.5,0.6,113.5,0.53,94.5,0.11,51.9,0.11,59.6,0.0,135.6,0.43,84.3,0.71,88.5,1.0,89.2
182.7,184.7,125.4,31.0,96.2,72.5,210.4,30.5,0.12,126.0,0.1,116.4,0.0,38.0,0.44,96.0,0.73,91.8,1.0,91.2,0.1,70.0,0.19,48.0,0.04,48.5,0.42,83.6,0.61,67.9,0.54,85.5
236.2,30.5,175.8,177.1,81.1,271.9,47.1,136.9,0.09,119.8,0.18,142.3,0.03,186.7,0.41,98.6,0.6,114.4,0.53,95.7,0.1,51.6,0.07,65.3,0.0,192.4,0.42,85.6,0.72,89.2,1.0,89.9
183.2,184.4,126.6,33.0,106.7,78.6,201.4,40.8,0.12,126.9,0.08,116.8,0.0,16.0,0.44,95.5,0.73,91.5,1.0,90.9,0.1,69.0,0.18,44.0,0.03,27.1,0.42,83.2,0.61,67.8,0.55,85.1
231.0,31.2,174.0,178.1,267.1,242.6,60.1,166.2,0.06,121.0,0.15,150.6,0.03,204.9,0.4,99.6,0.6,114.1,0.52,96.4,0.07,51.0,0.02,59.7,0.0,218.7,0.41,86.6,0.71,89.2,1.0,89.9
183.0,184.6,126.0,34.6,124.1,94.6,195.1,300.2,0.12,127.7,0.05,121.1,0.0,306.8,0.44,95.8,0.73,91.8,1.0,91.2,0.1,71.0,0.16,37.5,0.02,353.3,0.42,83.8,0.6,68.0,0.55,85.5
230.6,30.6,174.6,178.4,260.4,239.3,66.4,166.0,0.05,118.4,0.12,153.4,0.02,213.6,0.39,98.6,0.6,113.3,0.52,95.5,0.07,48.4,0.0,56.1,0.0,231.3,0.4,85.7,0.71,88.8,1.0,89.7
183.2,184.6,126.4,33.2,119.7,102.4,204.5,291.4,0.08,131.6,0.01,120.9,0.0,293.8,0.42,95.8,0.72,91.7,1.0,91.1,0.07,71.2,0.12,32.6,0.0,332.7,0.4,83.9,0.59,68.0,0.53,85.8
230.4,32.0,173.9,178.2,255.3,240.0,72.9,161.6,0.06,116.4,0.13,156.9,0.04,222.7,0.4,98.1,0.6,113.0,0.53,95.2,0.08,45.7,0.0,53.9,0.03,240.5,0.41,85.7,0.71,88.7,1.0,89.5
184.3,183.4,129.0,35.5,124.9,107.6,200.0,286.2,0.09,131.6,0.0,125.1,0.02,289.6,0.42,95.6,0.72,91.8,1.0,91.1,0.07,72.0,0.12,29.2,0.01,323.8,0.41,83.6,0.6,68.6,0.55,86.1
231.3,33.2,173.7,178.1,246.6,236.7,81.3,161.9,0.07,114.8,0.12,160.6,0.06,233.6,0.4,97.3,0.6,112.5,0.53,94.6,0.09,44.1,0.0,45.9,0.04,249.7,0.42,85.0,0.72,88.2,1.0,89.0
185.2,182.1,129.2,35.8,130.3,112.3,190.9,280.8,0.1,132.8,0.0,135.7,0.03,289.4,0.42,96.1,0.72,92.4,1.0,91.4,0.07,75.4,0.1,26.5,0.02,314.9,0.41,84.4,0.59,69.2,0.54,86.9
231.2,31.9,175.2,177.3,239.1,226.2,89.3,171.3,0.06,114.9,0.11,165.0,0.06,236.5,0.41,97.2,0.6,112.1,0.54,94.4,0.08,47.7,0.0,41.2,0.03,254.2,0.42,85.1,0.72,88.5,1.0,89.2
183.0,184.7,127.5,323.9,140.6,124.2,180.7,271.3,0.11,129.4,0.0,149.6,0.05,287.5,0.44,95.8,0.73,91.8,1.0,91.2,0.09,74.4,0.11,19.2,0.05,304.0,0.43,84.3,0.6,69.1,0.56,86.1
229.8,37.2,174.9,175.5,216.7,200.8,116.1,196.0,0.04,110.6,0.06,190.4,0.1,257.1,0.4,97.9,0.59,112.4,0.54,94.4,0.07,49.6,0.0,324.5,0.09,269.1,0.42,86.0,0.71,89.0,1.0,89.1
182.9,184.0,132.2,38.1,161.2,141.5,149.8,247.5,0.06,131.9,0.0,226.4,0.07,276.4,0.41,95.5,0.72,91.5,1.0,90.9,0.02,72.4,0.03,350.7,0.08,282.0,0.38,83.3,0.58,68.5,0.54,85.6
229.1,37.9,175.4,175.8,210.4,199.0,123.8,192.9,0.03,109.2,0.04,201.0,0.11,261.5,0.4,97.8,0.58,112.3,0.54,94.3,0.06,47.3,0.0,320.0,0.1,273.5,0.41,85.6,0.71,88.8,1.0,89.1
182.3,183.7,131.5,320.9,164.5,148.1,154.1,239.4,0.04,131.1,0.0,232.4,0.09,271.9,0.4,95.2,0.71,91.3,1.0,90.7,0.01,71.6,0.01,342.8,0.08,277.8,0.38,83.1,0.57,68.5,0.53,85.6
229.4,36.7,175.9,176.0,205.0,197.3,132.2,192.5,0.03,105.1,0.02,208.1,0.12,265.2,0.4,97.2,0.58,111.9,0.54,93.7,0.05,49.2,0.0,313.7,0.1,275.7,0.41,85.1,0.72,88.5,1.0,88.9
181.6,184.5,132.4,320.9,167.7,151.9,154.5,233.1,0.04,129.2,0.0,228.3,0.09,269.1,0.4,95.2,0.72,91.2,1.0,90.7,0.01,74.0,0.01,335.9,0.09,276.3,0.38,83.2,0.58,68.7,0.53,85.4
227.9,37.4,175.5,176.4,198.3,193.0,141.6,192.5,0.01,103.2,0.0,227.0,0.13,270.9,0.4,97.1,0.58,111.3,0.54,93.5,0.05,47.6,0.02,314.3,0.12,281.3,0.41,85.1,0.72,88.4,1.0,88.9
181.2,184.7,132.7,319.1,169.7,164.3,168.3,216.7,0.03,128.5,0.0,228.8,0.15,263.6,0.4,95.2,0.72,91.1,1.0,90.7,0.01,72.8,0.0,314.0,0.14,270.3,0.38,83.0,0.57,68.7,0.53,85.7
226.8,34.9,175.2,176.3,196.1,191.7,149.9,191.1,0.01,100.4,0.0,237.5,0.15,272.6,0.4,97.3,0.58,111.4,0.53,94.3,0.05,45.5,0.02,319.0,0.15,281.1,0.41,85.6,0.72,88.7,1.0,89.0
181.2,184.8,133.8,319.6,168.9,167.2,171.5,209.3,0.04,134.3,0.01,222.1,0.15,259.7,0.39,95.7,0.71,91.2,1.0,90.6,0.01,76.3,0.0,302.0,0.17,267.0,0.37,83.3,0.56,69.0,0.52,86.6
226.5,34.7,176.1,175.2,194.3,192.6,153.7,188.3,0.02,99.5,0.0,241.5,0.16,272.8,0.4,97.2,0.58,111.2,0.53,94.1,0.05,46.2,0.03,313.1,0.16,279.7,0.42,85.7,0.72,88.9,1.0,89.0
180.7,186.2,132.4,37.1,170.3,168.4,172.0,204.3,0.03,133.5,0.01,218.3,0.15,258.3,0.4,95.5,0.71,91.0,1.0,90.8,0.0,76.8,0.0,297.3,0.17,268.1,0.38,83.3,0.56,68.9,0.52,86.0
226.8,33.3,177.1,174.5,193.6,195.0,156.0,183.7,0.03,92.7,0.0,250.1,0.17,275.5,0.41,95.7,0.58,110.3,0.53,93.3,0.06,41.8,0.04,311.1,0.18,281.5,0.42,84.3,0.72,88.3,1.0,88.6
180.4,186.8,131.7,33.8,170.6,166.0,170.8,205.8,0.05,136.4,0.03,220.5,0.17,257.2,0.41,96.1,0.72,91.3,1.0,91.1,0.0,82.3,0.01,293.5,0.19,266.5,0.39,84.1,0.57,68.9,0.52,85.7
226.5,33.6,176.5,174.8,192.6,194.0,158.8,184.2,0.01,95.4,0.0,251.3,0.17,273.9,0.4,96.4,0.57,110.5,0.52,93.7,0.04,41.2,0.03,308.3,0.18,280.1,0.41,85.3,0.71,88.7,1.0,88.8
180.5,185.8,132.2,36.3,169.7,170.1,172.9,200.7,0.04,135.7,0.02,219.8,0.17,258.2,0.4,96.4,0.71,91.6,1.0,91.1,0.0,82.3,0.0,287.9,0.18,265.9,0.38,84.6,0.56,69.6,0.51,86.8
128.6,283.9,186.0,178.2,33.2,29.0,16.9,17.5,0.0,64.2,0.2,61.0,0.09,55.2,0.36,82.8,0.52,71.3,0.6,84.2,0.04,126.7,0.21,118.3,0.09,114.7,0.37,96.0,0.67,92.2,1.0,89.8
175.4,181.0,247.4,24.6,31.5,34.1,12.9,23.3,0.04,53.0,0.21,59.8,0.1,61.9,0.37,83.4,0.66,87.4,1.0,89.9,0.0,112.5,0.18,118.1,0.1,124.5,0.36,96.3,0.54,116.7,0.48,97.3
120.1,303.7,184.9,179.8,32.4,25.9,16.8,16.0,0.0,68.5,0.21,63.5,0.1,57.8,0.36,84.9,0.51,70.6,0.55,84.6,0.06,126.5,0.23,117.3,0.12,115.5,0.38,97.0,0.68,92.6,1.0,90.4
174.6,181.3,245.3,31.2,24.1,31.9,12.5,25.2,0.04,54.4,0.21,64.0,0.09,64.4,0.38,83.8,0.66,87.5,1.0,89.9,0.0,111.7,0.19,116.7,0.09,124.6,0.35,96.4,0.53,115.1,0.49,97.5
123.0,320.0,183.9,180.3,31.6,2.7,29.1,42.4,0.0,82.3,0.2,68.3,0.07,56.0,0.36,87.7,0.52,71.8,0.51,91.6,0.07,128.0,0.23,107.9,0.15,102.2,0.4,98.7,0.69,94.0,1.0,91.7
174.1,181.4,241.6,16.9,1.8,29.0,78.0,35.2,0.07,52.7,0.22,73.3,0.19,82.0,0.39,82.7,0.67,86.7,1.0,89.3,0.0,102.9,0.19,113.2,0.09,126.5,0.36,95.2,0.55,115.3,0.45,96.1
118.9,316.8,182.9,182.0,32.0,0.8,30.6,49.9,0.0,77.7,0.19,66.3,0.07,52.2,0.36,86.4,0.52,68.7,0.53,87.9,0.07,127.5,0.22,105.8,0.15,99.6,0.39,98.1,0.68,93.1,1.0,91.1
176.1,180.2,243.1,20.2,0.1,32.1,76.9,37.4,0.06,53.6,0.21,75.3,0.17,86.2,0.38,83.3,0.67,87.5,1.0,89.8,0.0,107.2,0.19,116.3,0.09,133.1,0.36,95.3,0.55,116.2,0.46,96.5
122.9,322.5,182.6,180.9,33.5,3.5,33.8,90.9,0.0,85.3,0.19,68.4,0.06,54.7,0.36,87.7,0.53,70.2,0.51,90.0,0.06,128.2,0.21,105.2,0.2,98.6,0.38,99.0,0.68,93.7,1.0,91.4
176.1,177.5,242.4,17.2,1.9,31.7,239.9,41.6,0.07,51.0,0.21,74.4,0.22,85.1,0.39,82.6,0.67,87.1,1.0,88.9,0.0,98.9,0.18,112.9,0.08,132.8,0.36,93.3,0.55,114.4,0.45,94.6
122.9,319.7,180.3,184.3,31.9,8.4,36.7,64.7,0.0,85.7,0.19,68.4,0.07,52.5,0.37,87.5,0.53,70.0,0.53,88.5,0.07,127.9,0.21,103.1,0.12,89.1,0.4,98.5,0.68,93.0,1.0,91.3
175.9,177.4,240.2,24.8,6.7,33.1,71.5,41.9,0.06,53.4,0.19,77.4,0.13,89.9,0.39,83.4,0.67,87.7,1.0,89.1,0.0,99.2,0.19,113.9,0.08,134.2,0.36,93.7,0.55,113.8,0.48,94.7
129.3,313.8,181.2,183.2,31.5,8.6,39.7,59.6,0.0,89.6,0.19,69.9,0.07,54.8,0.37,87.8,0.54,72.6,0.54,87.2,0.07,128.2,0.21,102.6,0.13,91.5,0.4,98.6,0.68,93.2,1.0,91.4
176.0,178.6,239.7,29.9,6.8,32.7,98.0,41.9,0.07,53.6,0.21,77.2,0.19,88.3,0.39,82.5,0.69,87.0,1.0,88.7,0.0,94.5,0.19,111.8,0.07,131.1,0.37,92.5,0.56,112.9,0.51,93.0
127.6,324.6,182.2,181.6,33.0,11.6,41.4,55.4,0.0,92.4,0.19,69.2,0.07,51.4,0.36,88.4,0.52,72.6,0.49,94.0,0.07,128.8,0.21,101.4,0.1,88.3,0.4,98.5,0.69,93.4,1.0,91.4
175.7,179.0,238.6,25.7,7.3,30.1,91.2,43.1,0.07,50.7,0.2,75.5,0.18,84.3,0.4,82.1,0.69,86.6,1.0,88.6,0.0,95.5,0.18,111.3,0.08,131.2,0.36,93.1,0.55,113.1,0.48,93.0
128.2,30.7,181.2,184.9,29.9,9.8,41.0,57.3,0.0,86.1,0.19,68.9,0.08,53.1,0.36,86.4,0.53,70.3,0.48,93.3,0.06,126.4,0.23,99.1,0.16,91.3,0.4,97.5,0.67,92.6,1.0,91.3
176.5,177.3,234.8,27.9,8.5,29.8,60.7,45.7,0.07,48.1,0.19,75.6,0.11,87.3,0.39,82.5,0.68,87.4,1.0,89.0,0.0,95.1,0.18,112.3,0.09,135.8,0.36,93.4,0.55,112.7,0.48,90.0
128.4,32.3,181.7,184.4,31.2,12.7,44.9,65.9,0.0,88.6,0.18,68.1,0.08,48.4,0.36,87.0,0.53,70.4,0.48,94.1,0.07,130.2,0.19,100.8,0.11,86.5,0.39,97.7,0.67,92.6,1.0,91.2
178.3,175.2,234.7,27.5,9.8,28.9,69.6,46.4,0.07,50.2,0.19,77.4,0.12,92.1,0.39,82.3,0.69,87.6,1.0,88.8,0.0,90.4,0.18,109.9,0.09,131.0,0.36,92.6,0.55,111.5,0.49,91.9
130.8,34.9,180.6,185.7,30.1,6.1,45.6,74.7,0.0,88.9,0.18,69.3,0.08,50.4,0.36,87.0,0.53,71.3,0.49,93.5,0.07,128.1,0.24,101.4,0.2,93.6,0.39,98.0,0.67,92.7,1.0,91.5
177.8,178.0,235.3,33.2,11.6,29.4,62.1,45.3,0.06,54.3,0.19,79.1,0.11,92.6,0.39,82.1,0.7,86.9,1.0,88.6,0.0,90.8,0.18,108.9,0.08,127.4,0.36,91.9,0.55,110.8,0.51,90.0
130.2,320.6,180.4,184.8,31.2,11.2,47.6,67.2,0.0,88.9,0.18,68.7,0.09,48.6,0.35,87.5,0.51,72.3,0.49,93.9,0.06,128.8,0.19,101.1,0.12,86.1,0.38,97.8,0.68,92.2,1.0,90.9
177.5,176.7,234.5,32.7,9.5,27.8,59.0,45.4,0.07,56.1,0.2,79.8,0.14,88.8,0.39,83.2,0.69,87.7,1.0,89.0,0.0,90.9,0.19,108.8,0.08,129.7,0.36,92.6,0.55,111.5,0.5,92.2
129.4,33.7,179.8,185.3,29.8,2.7,47.2,109.7,0.0,90.8,0.18,70.7,0.08,50.0,0.35,88.0,0.52,71.7,0.48,93.5,0.06,127.4,0.22,103.2,0.22,93.5,0.39,97.7,0.68,92.2,1.0,91.0
177.9,177.0,233.0,29.3,11.3,27.8,65.0,48.4,0.07,53.4,0.2,79.3,0.12,94.6,0.4,82.8,0.7,87.6,1.0,89.0,0.0,90.9,0.18,109.6,0.09,131.5,0.36,92.8,0.55,111.4,0.49,92.4
130.2,320.2,181.6,185.9,29.0,2.9,48.4,138.0,0.0,98.7,0.18,72.0,0.09,51.8,0.35,89.2,0.53,71.8,0.51,94.9,0.08,136.8,0.23,106.3,0.26,95.7,0.39,99.3,0.68,93.1,1.0,91.8
178.2,176.4,234.5,32.4,11.3,27.8,64.9,47.9,0.07,51.9,0.19,78.3,0.1,95.9,0.39,82.3,0.7,87.6,1.0,88.9,0.0,87.9,0.18,108.1,0.08,130.9,0.35,91.6,0.54,110.9,0.5,88.1
132.9,319.6,182.7,185.7,27.9,3.1,46.0,122.9,0.0,86.4,0.19,68.9,0.1,49.9,0.35,86.0,0.53,70.8,0.5,91.7,0.06,132.9,0.22,102.3,0.23,97.4,0.38,96.3,0.67,91.2,1.0,90.3
176.1,174.8,232.2,34.1,10.2,27.0,69.1,51.3,0.07,43.7,0.17,74.4,0.09,89.9,0.38,82.9,0.68,88.2,1.0,89.3,0.0,88.8,0.18,108.9,0.09,131.6,0.35,92.8,0.54,111.8,0.5,88.3
127.4,322.7,180.9,185.3,27.2,4.1,45.4,21.7,0.0,104.8,0.17,76.0,0.07,57.0,0.35,91.1,0.52,71.9,0.51,95.6,0.06,138.2,0.18,114.6,0.07,118.7,0.39,99.4,0.68,93.3,1.0,91.9
179.8,176.0,234.9,29.1,1.4,29.9,53.5,50.1,0.03,54.2,0.18,75.5,0.13,81.5,0.37,82.9,0.67,87.7,1.0,89.0,0.0,85.2,0.17,106.8,0.07,127.7,0.35,91.0,0.54,111.0,0.49,87.7
128.9,321.0,177.0,187.3,27.3,1.6,46.5,145.7,0.0,100.0,0.18,74.3,0.08,51.4,0.35,90.5,0.51,73.2,0.5,95.7,0.05,133.0,0.22,105.3,0.25,97.8,0.39,98.9,0.68,92.4,1.0,91.4
184.9,172.9,236.4,36.1,22.2,31.2,60.5,50.7,0.04,57.0,0.15,84.4,0.05,103.0,0.38,81.8,0.69,88.1,1.0,89.0,0.0,81.7,0.17,106.1,0.07,127.3,0.36,89.5,0.54,109.6,0.52,90.9
136.1,316.5,180.0,185.2,25.8,11.9,49.4,51.1,0.0,92.1,0.18,71.4,0.09,49.5,0.36,87.1,0.54,72.5,0.52,93.8,0.07,129.9,0.21,98.7,0.1,84.3,0.39,97.3,0.68,91.9,1.0,90.7
179.8,176.6,232.5,33.7,16.8,26.1,58.8,46.9,0.07,43.5,0.15,77.1,0.06,92.9,0.39,82.4,0.69,88.1,1.0,89.7,0.0,93.7,0.19,111.4,0.1,141.1,0.36,92.6,0.55,111.7,0.5,87.9
132.7,39.6,175.9,186.4,27.8,19.8,45.0,52.5,0.0,112.4,0.16,77.7,0.06,55.6,0.34,92.9,0.52,75.3,0.5,97.4,0.06,138.1,0.17,100.1,0.05,85.0,0.39,101.2,0.68,94.0,1.0,92.3
182.7,173.9,235.0,34.5,23.3,27.0,69.8,46.5,0.08,36.7,0.13,68.6,0.02,90.9,0.39,78.2,0.69,86.2,1.0,87.9,0.0,71.7,0.17,103.7,0.07,132.7,0.35,87.4,0.53,108.7,0.5,85.6
132.0,319.3,177.9,185.6,28.8,37.6,45.2,69.8,0.0,107.9,0.16,75.0,0.05,49.8,0.35,90.7,0.52,73.9,0.51,95.6,0.05,129.2,0.13,90.1,0.04,70.1,0.39,98.1,0.69,92.4,1.0,91.2
185.4,174.5,233.2,29.8,48.7,32.4,60.8,43.3,0.06,55.6,0.1,94.0,0.0,124.1,0.42,82.6,0.69,87.7,1.0,88.5,0.05,73.3,0.21,105.2,0.08,131.5,0.39,87.3,0.55,106.3,0.51,84.9
133.5,316.9,174.9,186.1,44.4,45.4,44.1,53.6,0.01,105.7,0.14,67.7,0.01,47.6,0.35,90.4,0.52,74.1,0.52,94.7,0.02,118.2,0.12,76.2,0.0,51.8,0.38,96.0,0.68,91.0,1.0,90.4
182.7,173.9,236.0,31.6,54.1,45.9,71.3,47.0,0.04,60.0,0.1,100.6,0.0,122.9,0.39,83.7,0.68,88.6,1.0,89.3,0.02,70.7,0.15,110.6,0.01,130.4,0.37,87.4,0.53,107.5,0.51,85.0
134.8,318.2,180.5,185.5,49.9,47.6,44.0,61.8,0.02,103.8,0.15,63.2,0.01,42.5,0.36,89.9,0.53,73.7,0.52,94.8,0.06,122.6,0.12,80.2,0.0,56.1,0.39,95.2,0.69,90.9,1.0,90.5
181.6,175.2,229.3,40.7,45.0,48.7,55.6,44.9,0.05,62.8,0.13,99.1,0.0,119.5,0.39,84.4,0.69,88.6,1.0,89.2,0.02,71.6,0.15,112.9,0.01,131.3,0.37,87.8,0.52,104.8,0.52,84.7
130.4,322.5,176.8,186.6,56.1,32.4,42.5,46.5,0.01,98.4,0.13,57.5,0.0,37.2,0.37,89.3,0.53,73.6,0.51,94.6,0.04,121.3,0.14,87.4,0.04,79.3,0.4,95.4,0.68,90.4,1.0,89.8
177.6,177.5,226.3,39.0,58.8,56.2,61.7,41.4,0.05,61.5,0.09,103.8,0.01,113.1,0.39,86.4,0.69,89.2,1.0,89.8,0.02,69.2,0.13,123.0,0.0,141.4,0.37,89.9,0.54,106.5,0.52,86.1
130.8,317.2,175.5,186.1,65.8,77.6,44.6,66.3,0.05,100.5,0.15,54.9,0.03,44.0,0.38,90.2,0.53,73.8,0.53,92.5,0.06,107.8,0.1,59.2,0.0,39.1,0.4,92.9,0.69,89.0,1.0,88.8
179.8,179.3,225.1,36.8,69.4,64.9,52.4,49.4,0.04,80.5,0.12,122.8,0.0,144.0,0.4,88.8,0.7,89.9,1.0,90.3,0.06,69.2,0.14,122.0,0.0,133.8,0.39,89.9,0.54,106.2,0.52,86.7
136.4,315.2,178.8,184.5,45.6,69.0,64.6,71.2,0.04,109.4,0.13,73.3,0.04,52.5,0.37,90.4,0.53,74.6,0.53,93.5,0.03,105.9,0.09,62.1,0.0,32.8,0.39,91.5,0.69,89.0,1.0,89.1
177.1,178.6,223.5,52.0,78.6,73.2,73.1,56.6,0.05,73.8,0.09,122.9,0.0,145.3,0.39,89.4,0.69,90.7,1.0,90.9,0.03,71.2,0.11,131.1,0.01,150.6,0.37,89.6,0.5,102.8,0.52,86.4
137.5,316.4,178.8,183.9,70.6,74.3,49.9,58.2,0.02,97.6,0.11,54.8,0.02,49.8,0.36,88.6,0.53,74.3,0.52,92.5,0.03,101.0,0.1,57.6,0.0,48.4,0.38,90.7,0.69,88.4,1.0,88.5
179.9,178.6,223.0,53.4,83.4,75.7,60.9,53.1,0.04,81.5,0.1,131.0,0.0,142.8,0.39,89.9,0.69,91.3,1.0,91.5,0.01,75.2,0.09,133.9,0.0,146.6,0.36,90.5,0.49,102.4,0.51,86.5
136.3,316.4,181.1,186.2,81.9,66.3,47.0,74.0,0.04,98.5,0.11,42.4,0.02,36.4,0.38,88.8,0.55,74.0,0.53,92.8,0.07,116.2,0.08,82.8,0.0,76.6,0.4,92.2,0.69,88.8,1.0,89.0
178.6,177.8,219.3,47.9,65.7,277.4,74.3,66.2,0.05,70.5,0.1,111.7,0.01,138.5,0.4,88.5,0.69,90.5,1.0,90.9,0.04,70.6,0.08,136.3,0.0,160.3,0.38,90.6,0.52,103.4,0.52,85.9
140.0,42.8,178.9,188.3,87.2,99.1,327.4,219.5,0.05,97.5,0.11,35.8,0.06,38.0,0.4,87.3,0.57,73.6,0.54,93.1,0.09,119.5,0.06,98.4,0.0,57.9,0.42,92.8,0.7,88.4,1.0,88.6
178.8,175.7,225.1,50.3,64.6,82.9,103.0,142.4,0.06,63.7,0.07,92.3,0.0,126.3,0.4,86.5,0.7,89.7,1.0,90.0,0.01,61.8,0.01,115.2,0.01,143.0,0.37,88.9,0.49,101.9,0.52,84.3
139.9,316.3,178.9,187.1,74.5,70.0,136.2,161.8,0.0,103.7,0.04,54.9,0.05,34.8,0.38,87.3,0.55,74.0,0.53,94.2,0.05,116.9,0.05,97.8,0.05,70.4,0.4,92.4,0.69,88.4,1.0,88.6
177.9,176.5,225.1,47.3,34.4,73.5,102.4,138.0,0.05,63.7,0.1,87.9,0.07,117.2,0.39,87.4,0.7,90.4,1.0,90.8,0.0,65.2,0.02,115.7,0.03,151.2,0.37,90.7,0.5,104.3,0.51,87.7
139.6,315.3,179.8,188.4,83.1,77.8,144.0,152.4,0.0,102.4,0.05,40.9,0.07,25.2,0.37,88.3,0.55,74.9,0.53,94.4,0.06,119.6,0.04,90.3,0.03,53.7,0.4,92.3,0.69,88.1,1.0,88.5
179.8,172.9,220.3,44.3,47.7,83.6,119.2,167.3,0.07,63.1,0.1,89.1,0.08,120.3,0.4,86.9,0.69,91.0,1.0,91.0,0.0,70.5,0.04,135.7,0.11,159.6,0.38,90.8,0.54,104.3,0.52,86.7
141.9,41.1,183.6,186.0,92.5,52.8,170.0,152.2,0.0,109.9,0.04,25.8,0.09,17.2,0.37,86.9,0.55,72.8,0.51,92.2,0.04,112.3,0.07,80.2,0.1,55.3,0.39,88.2,0.69,86.6,1.0,87.6
178.6,173.3,219.8,43.2,11.8,258.6,106.5,120.0,0.06,65.6,0.14,82.3,0.14,101.0,0.41,88.9,0.71,92.1,1.0,91.7,0.0,79.7,0.04,156.1,0.04,169.6,0.39,91.9,0.55,104.3,0.52,87.4
152.3,44.6,179.6,188.3,132.3,97.1,137.8,207.5,0.06,114.4,0.0,340.9,0.1,347.7,0.41,88.5,0.58,78.3,0.55,93.2,0.07,101.0,0.07,56.6,0.11,4.9,0.43,88.4,0.71,86.7,1.0,88.2
178.6,175.6,202.4,46.9,235.7,224.5,193.6,124.9,0.06,79.3,0.02,137.5,0.13,182.6,0.43,91.6,0.71,92.7,1.0,92.0,0.04,69.3,0.0,208.7,0.11,189.4,0.41,91.8,0.59,100.0,0.55,87.5
159.1,41.2,180.6,187.2,139.9,58.9,132.7,206.9,0.05,110.0,0.0,322.3,0.12,340.0,0.42,87.7,0.61,79.6,0.55,92.4,0.06,101.4,0.08,83.6,0.11,76.1,0.44,87.9,0.72,86.6,1.0,87.9
177.1,175.9,198.4,42.1,39.8,220.6,184.0,220.2,0.09,80.1,0.15,102.4,0.22,112.4,0.44,92.1,0.71,92.8,1.0,92.1,0.05,71.5,0.0,210.7,0.12,201.8,0.42,92.0,0.62,99.6,0.56,88.2
159.2,43.6,180.3,187.1,142.9,158.8,144.0,170.3,0.1,109.7,0.04,314.7,0.17,328.3,0.45,87.7,0.62,79.9,0.57,92.6,0.1,101.7,0.01,91.9,0.0,345.0,0.46,88.2,0.73,86.8,1.0,88.0
177.0,173.9,191.4,38.9,10.0,217.1,176.2,212.2,0.09,77.7,0.22,92.7,0.38,96.7,0.44,91.9,0.71,92.9,1.0,91.6,0.07,65.5,0.0,233.4,0.14,215.7,0.42,91.2,0.66,97.8,0.57,86.2
165.9,39.5,180.1,187.7,145.0,147.4,154.8,175.8,0.09,115.6,0.02,295.1,0.16,314.0,0.43,89.0,0.63,81.9,0.56,93.5,0.1,104.3,0.05,98.1,0.0,30.1,0.45,89.4,0.72,87.5,1.0,88.7
177.6,173.9,189.5,40.9,12.6,214.5,174.6,204.6,0.08,71.4,0.2,89.5,0.31,94.1,0.44,89.9,0.71,91.5,1.0,90.6,0.06,57.9,0.0,261.8,0.14,231.1,0.41,90.1,0.64,96.5,0.56,84.9
164.4,38.2,179.6,187.8,151.8,163.8,157.9,170.2,0.11,114.0,0.03,276.5,0.18,304.0,0.44,89.5,0.64,82.0,0.57,92.9,0.11,100.5,0.05,100.2,0.0,0.6,0.46,88.8,0.73,87.2,1.0,88.5
178.2,173.9,194.5,47.3,248.6,208.8,151.3,197.5,0.08,65.7,0.04,92.6,0.0,154.0,0.44,88.5,0.69,90.5,1.0,89.9,0.07,50.8,0.02,283.7,0.17,248.0,0.42,87.1,0.61,95.2,0.57,82.9
167.9,37.3,178.1,187.5,160.5,169.6,162.3,164.4,0.09,127.3,0.05,234.8,0.19,279.5,0.42,92.6,0.63,84.8,0.56,96.4,0.09,112.8,0.0,185.2,0.04,267.1,0.44,92.7,0.72,89.5,1.0,90.1
182.7,172.1,193.9,46.3,200.7,203.0,191.3,185.6,0.1,62.6,0.0,310.4,0.09,255.2,0.45,86.1,0.7,89.7,1.0,89.5,0.11,52.5,0.04,309.2,0.19,265.5,0.44,85.7,0.63,93.7,0.58,81.8
168.8,36.7,176.4,189.1,160.8,166.4,167.2,171.3,0.08,129.6,0.05,239.7,0.2,276.2,0.41,93.4,0.63,85.6,0.56,96.7,0.08,116.0,0.0,162.2,0.04,266.5,0.43,93.7,0.71,89.7,1.0,90.4
181.5,172.7,189.2,49.3,198.1,200.7,194.5,186.7,0.1,65.7,0.0,304.7,0.09,254.7,0.46,86.9,0.7,89.8,1.0,89.3,0.12,53.1,0.05,313.0,0.2,268.6,0.44,86.0,0.63,92.6,0.58,81.1
169.1,36.0,177.3,189.5,161.3,171.5,166.2,164.3,0.1,127.2,0.04,229.5,0.19,276.3,0.42,94.0,0.64,86.4,0.56,97.1,0.09,112.9,0.0,186.2,0.04,264.0,0.44,93.2,0.71,89.8,1.0,90.8
180.9,173.2,185.2,46.3,198.6,200.1,186.2,188.1,0.08,61.8,0.0,295.5,0.12,260.7,0.45,85.9,0.7,88.9,1.0,88.6,0.1,52.1,0.04,309.3,0.2,269.4,0.44,86.3,0.63,91.7,0.58,81.6
171.8,223.6,176.6,189.8,162.8,166.1,168.6,166.8,0.09,132.2,0.06,239.5,0.21,274.1,0.43,94.9,0.66,88.1,0.76,92.1,0.08,118.3,0.0,201.3,0.06,273.0,0.43,94.7,0.7,90.9,1.0,91.7
184.3,64.3,184.9,161.8,197.4,199.0,183.1,184.9,0.08,62.1,0.0,296.9,0.11,265.9,0.44,86.0,0.64,89.6,0.61,79.1,0.09,52.6,0.04,301.2,0.19,268.6,0.44,85.3,0.66,90.7,1.0,88.4
174.4,207.3,178.0,190.2,161.2,169.7,170.2,162.5,0.09,131.8,0.04,234.0,0.2,273.6,0.44,95.4,0.69,89.2,0.84,91.9,0.08,118.4,0.0,203.4,0.05,265.3,0.44,94.7,0.72,91.2,1.0,92.3
179.5,72.4,181.2,164.7,203.5,199.7,197.4,187.9,0.1,61.7,0.0,34.9,0.0,250.5,0.44,85.8,0.64,88.2,0.62,78.4,0.11,51.2,0.05,313.2,0.19,269.4,0.44,84.9,0.68,89.6,1.0,87.9
175.4,197.8,178.5,213.8,161.9,168.2,171.2,152.8,0.08,132.6,0.04,236.4,0.2,273.9,0.43,95.4,0.68,89.7,1.0,91.9,0.07,120.4,0.0,215.9,0.07,283.5,0.43,95.6,0.69,92.3,0.81,96.5
179.8,67.9,184.6,163.1,197.1,198.4,183.3,187.7,0.1,65.2,0.0,352.1,0.06,269.7,0.45,86.6,0.64,88.7,0.62,78.5,0.12,52.0,0.05,316.8,0.2,268.6,0.45,83.8,0.68,89.4,1.0,87.7
177.5,196.2,179.6,253.7,159.3,168.6,174.4,171.6,0.08,134.3,0.03,232.2,0.19,272.2,0.42,95.9,0.68,90.4,1.0,92.4,0.07,124.1,0.0,203.6,0.04,252.4,0.42,96.4,0.66,93.1,0.7,100.6
179.7,92.3,184.4,165.3,192.6,197.3,199.7,189.6,0.09,65.0,0.0,8.5,0.04,263.1,0.44,86.8,0.66,88.9,0.68,80.0,0.11,48.2,0.05,311.7,0.2,268.1,0.44,82.0,0.68,88.0,1.0,87.0
179.2,193.6,181.6,213.0,158.8,168.1,175.6,148.4,0.08,135.2,0.03,230.8,0.19,271.5,0.43,96.3,0.68,91.4,1.0,92.8,0.07,124.4,0.0,193.6,0.03,276.4,0.43,96.0,0.67,93.5,0.79,97.8
177.8,73.5,180.3,166.2,198.4,200.9,187.3,183.7,0.1,61.5,0.0,351.3,0.06,266.1,0.45,85.3,0.63,87.0,0.62,77.8,0.11,51.7,0.05,303.7,0.21,267.1,0.45,84.8,0.69,88.9,1.0,87.3
177.3,197.2,181.7,196.6,161.0,170.3,174.5,153.5,0.09,133.7,0.03,228.8,0.2,271.5,0.47,97.1,0.76,91.8,0.97,93.2,0.07,124.1,0.0,202.0,0.04,265.9,0.48,95.8,0.77,93.3,1.0,95.9
177.8,68.9,181.7,166.7,198.2,201.6,177.9,182.4,0.09,62.9,0.0,330.9,0.08,273.0,0.44,86.9,0.65,88.6,0.62,78.1,0.11,51.4,0.05,296.3,0.21,265.2,0.44,84.1,0.69,88.7,1.0,87.4
178.7,192.0,184.3,63.4,161.1,171.2,173.1,151.0,0.08,134.1,0.02,224.1,0.17,271.6,0.43,97.1,0.68,92.3,1.0,93.2,0.05,126.8,0.0,207.0,0.04,270.7,0.41,96.5,0.62,95.2,0.58,104.4
177.4,72.7,182.3,165.8,195.2,200.5,181.5,183.6,0.07,60.2,0.0,317.8,0.08,274.5,0.43,85.9,0.63,87.5,0.62,77.4,0.1,48.4,0.04,300.8,0.2,266.7,0.44,82.7,0.68,87.8,1.0,86.4
179.4,191.4,183.5,62.8,162.0,169.7,169.7,141.3,0.07,133.6,0.02,227.8,0.17,273.9,0.43,96.5,0.69,92.2,1.0,93.2,0.06,125.3,0.0,214.9,0.05,283.6,0.42,95.9,0.62,94.4,0.58,103.8
175.1,77.6,179.6,167.5,194.6,199.7,178.9,187.1,0.09,62.8,0.0,325.4,0.1,273.5,0.44,85.3,0.63,86.1,0.62,76.5,0.11,49.4,0.05,309.9,0.21,266.3,0.45,83.1,0.69,87.3,1.0,85.9
180.4,249.9,187.2,181.4,157.9,172.5,178.3,158.6,0.09,141.4,0.03,222.4,0.19,272.2,0.42,101.7,0.66,97.0,0.7,101.8,0.06,120.8,0.0,216.6,0.08,272.7,0.43,94.9,0.7,94.9,1.0,95.2
168.3,144.7,175.1,175.8,198.1,203.9,176.9,179.9,0.05,55.0,0.0,299.6,0.11,271.2,0.43,85.5,0.64,84.4,0.76,78.1,0.08,41.0,0.04,291.6,0.21,264.1,0.43,81.6,0.7,84.2,1.0,84.5
183.0,40.3,188.2,182.4,159.5,164.5,172.9,174.6,0.07,143.1,0.03,234.4,0.19,275.6,0.4,101.2,0.63,97.6,0.56,105.2,0.02,121.9,0.0,258.3,0.15,278.9,0.42,93.4,0.7,94.2,1.0,95.2
171.4,178.1,173.1,136.8,193.9,206.3,182.7,179.0,0.05,66.7,0.0,282.1,0.16,262.1,0.44,87.6,0.69,86.4,1.0,85.1,0.09,41.3,0.03,295.7,0.21,262.8,0.43,80.4,0.66,82.7,0.75,78.1
196.6,40.2,190.3,181.0,161.6,161.7,168.6,176.3,0.07,137.1,0.02,233.8,0.18,278.6,0.42,99.6,0.63,100.9,0.57,105.5,0.03,101.9,0.0,293.3,0.17,291.2,0.44,90.9,0.72,93.7,1.0,95.2
171.9,176.9,167.0,50.5,196.5,204.0,190.7,182.1,0.05,68.6,0.0,268.5,0.17,250.7,0.44,87.2,0.7,86.1,1.0,84.6,0.09,40.3,0.04,297.3,0.22,263.5,0.42,80.0,0.66,80.3,0.61,74.3
187.9,37.4,189.4,181.6,165.2,161.7,163.8,178.7,0.08,134.8,0.04,227.5,0.19,277.5,0.43,99.1,0.66,97.8,0.57,104.7,0.06,95.1,0.0,315.3,0.15,294.9,0.45,90.4,0.73,93.3,1.0,95.1
172.6,177.3,155.4,39.1,197.8,203.4,187.5,177.6,0.06,75.2,0.0,248.0,0.18,246.0,0.45,87.2,0.71,85.8,1.0,84.4,0.09,42.8,0.03,303.3,0.2,266.6,0.42,79.1,0.62,75.9,0.58,74.1
192.1,75.8,189.3,181.3,166.2,163.8,166.2,169.8,0.07,135.9,0.03,225.1,0.18,273.8,0.41,100.2,0.57,100.1,0.56,104.8,0.04,100.0,0.0,294.5,0.18,295.5,0.44,91.6,0.72,94.2,1.0,95.7
172.3,178.0,158.1,54.1,196.9,202.3,186.0,176.9,0.05,75.6,0.0,249.0,0.19,247.7,0.44,86.9,0.71,85.4,1.0,84.0,0.09,41.9,0.03,305.4,0.2,269.2,0.41,78.8,0.61,76.5,0.58,73.6
203.7,30.0,190.1,180.4,170.6,163.0,163.0,129.5,0.09,137.5,0.05,218.3,0.18,269.2,0.43,101.0,0.62,104.2,0.57,106.2,0.07,100.1,0.0,300.8,0.1,325.1,0.45,91.9,0.72,94.6,1.0,96.0
172.2,178.4,154.0,83.1,193.9,199.7,200.5,180.6,0.09,81.2,0.0,236.3,0.16,235.2,0.46,87.2,0.72,85.3,1.0,83.9,0.11,43.4,0.05,313.3,0.2,271.0,0.43,78.7,0.6,75.5,0.59,73.7
209.5,21.9,189.4,180.4,169.5,102.2,165.4,185.5,0.04,137.6,0.0,217.7,0.14,267.2,0.39,101.6,0.6,106.4,0.52,107.7,0.02,99.6,0.02,56.4,0.09,21.0,0.42,92.4,0.72,94.9,1.0,96.2
172.4,178.2,151.9,67.0,191.9,198.7,194.6,182.2,0.09,82.4,0.0,241.0,0.18,242.3,0.45,87.3,0.72,85.3,1.0,83.7,0.11,41.0,0.06,314.1,0.21,273.2,0.42,78.0,0.57,74.7,0.57,73.4
212.9,25.2,185.1,183.7,177.6,163.4,166.2,179.5,0.09,133.7,0.06,211.8,0.18,257.6,0.42,102.3,0.61,108.1,0.53,109.7,0.06,95.5,0.0,318.1,0.15,297.9,0.45,93.5,0.73,95.0,1.0,96.7
172.4,178.3,147.8,10.5,199.4,192.7,182.6,180.8,0.06,84.4,0.0,217.8,0.17,239.2,0.44,87.6,0.72,85.3,1.0,83.7,0.09,41.8,0.05,313.3,0.2,279.7,0.41,78.3,0.6,72.9,0.51,73.3
214.0,18.6,185.2,183.8,176.9,163.2,170.7,180.8,0.11,131.6,0.06,208.1,0.18,255.1,0.44,102.0,0.62,108.2,0.52,108.7,0.07,93.3,0.0,333.3,0.14,299.2,0.46,92.9,0.73,94.7,1.0,96.5
172.4,178.5,146.2,11.3,194.0,191.0,186.8,182.9,0.07,86.6,0.0,227.0,0.17,242.0,0.44,87.7,0.72,85.1,1.0,83.5,0.1,40.9,0.06,317.8,0.21,282.0,0.41,77.9,0.61,72.1,0.51,72.5
212.9,8.0,185.0,183.5,178.0,163.3,174.7,181.8,0.08,137.0,0.07,219.6,0.21,252.8,0.4,103.3,0.62,109.4,0.51,108.4,0.05,93.3,0.0,317.0,0.18,295.7,0.43,93.0,0.73,94.9,1.0,96.5
174.1,177.0,147.9,8.0,194.9,185.8,184.7,182.9,0.07,85.4,0.0,224.9,0.16,242.1,0.44,87.2,0.72,85.3,1.0,83.7,0.09,45.1,0.07,318.0,0.22,284.5,0.4,77.8,0.62,71.8,0.5,72.7
214.2,12.2,185.3,182.8,179.0,162.0,176.0,184.0,0.09,133.7,0.06,215.9,0.2,250.4,0.42,103.2,0.63,109.8,0.49,109.2,0.05,94.0,0.0,322.0,0.16,296.6,0.44,93.3,0.74,95.2,1.0,96.7
173.3,176.6,147.2,8.8,196.0,187.7,185.4,176.9,0.06,80.9,0.0,235.4,0.18,244.4,0.44,86.8,0.72,85.0,1.0,83.3,0.1,43.8,0.07,316.6,0.22,287.2,0.41,77.1,0.62,71.2,0.51,71.9
215.5,8.2,186.7,182.2,182.3,162.7,172.0,180.5,0.09,129.1,0.06,212.2,0.19,250.4,0.42,101.8,0.62,109.4,0.53,108.0,0.06,89.7,0.0,330.1,0.17,299.7,0.45,91.9,0.74,94.6,1.0,96.3
174.8,176.0,145.2,5.6,195.4,185.2,185.9,178.9,0.06,83.3,0.0,228.9,0.18,242.3,0.44,86.6,0.72,85.0,1.0,83.3,0.1,44.9,0.07,320.7,0.22,288.7,0.41,76.9,0.62,70.2,0.51,71.9
216.7,6.8,184.5,182.3,182.8,163.8,175.2,178.8,0.07,124.4,0.03,218.2,0.18,252.3,0.41,101.0,0.62,109.3,0.55,108.1,0.04,81.4,0.0,337.2,0.15,306.4,0.44,91.2,0.73,93.9,1.0,95.7
172.2,177.5,141.8,11.4,199.7,185.8,179.8,183.2,0.07,89.4,0.0,199.3,0.15,236.1,0.46,88.6,0.73,85.8,1.0,83.8,0.1,49.2,0.06,325.8,0.19,288.0,0.42,79.3,0.63,71.6,0.55,72.3
218.8,4.0,183.4,184.1,183.7,160.6,173.7,182.9,0.07,127.9,0.06,220.5,0.2,251.7,0.42,101.8,0.63,110.7,0.54,108.6,0.04,86.2,0.0,339.7,0.13,306.8,0.45,92.3,0.74,94.2,1.0,96.0
175.0,175.9,142.7,6.8,198.4,184.1,178.5,181.7,0.06,89.4,0.0,205.5,0.15,238.0,0.45,87.3,0.73,85.3,1.0,83.3,0.1,45.1,0.07,322.5,0.21,289.2,0.41,77.5,0.63,69.9,0.53,71.5
220.7,8.4,186.7,181.8,180.4,158.2,177.1,183.4,0.09,129.4,0.06,218.6,0.2,249.8,0.43,101.4,0.63,110.3,0.55,106.3,0.06,89.3,0.0,348.2,0.13,307.8,0.46,91.9,0.74,94.6,1.0,96.2
174.3,175.6,141.5,5.9,203.8,183.7,174.0,181.8,0.04,81.9,0.0,212.7,0.16,240.2,0.44,86.5,0.72,84.8,1.0,82.9,0.09,41.1,0.08,319.0,0.23,289.0,0.4,76.8,0.63,68.8,0.5,71.1
241.7,171.4,174.5,190.3,32.2,40.8,67.6,300.1,0.02,153.6,0.34,126.7,0.23,101.2,0.37,100.3,0.73,116.1,0.78,116.7,0.0,25.0,0.36,46.0,0.22,74.4,0.41,78.9,0.76,84.1,1.0,88.0
250.4,104.7,115.9,1.8,42.9,33.0,58.8,64.4,0.0,160.3,0.38,135.0,0.22,108.2,0.42,99.0,0.52,106.9,1.0,93.1,0.01,27.6,0.35,51.3,0.22,78.4,0.39,77.9,0.77,60.2,0.56,68.3
239.5,45.3,171.4,193.9,33.1,41.1,61.0,54.7,0.01,151.5,0.33,126.6,0.19,102.2,0.35,100.4,0.7,115.5,0.66,107.8,0.0,26.2,0.36,46.6,0.2,75.3,0.38,78.5,0.73,83.2,1.0,88.1
222.6,130.9,114.7,23.8,41.6,31.5,56.6,58.7,0.02,157.4,0.38,133.8,0.21,106.7,0.42,100.0,0.6,104.7,1.0,93.2,0.0,27.8,0.34,52.6,0.19,78.9,0.38,78.3,0.78,58.9,0.64,70.5
245.0,33.4,167.8,199.4,31.4,38.8,59.4,54.0,0.0,151.6,0.32,125.5,0.18,100.1,0.36,99.8,0.76,119.1,0.62,98.0,0.01,26.1,0.36,47.2,0.18,76.9,0.4,78.1,0.7,81.0,1.0,87.5
208.3,145.5,115.9,30.2,38.7,31.9,56.6,54.4,0.0,156.5,0.35,132.7,0.18,104.5,0.39,101.4,0.59,102.8,1.0,92.4,0.0,28.4,0.34,53.0,0.17,76.8,0.36,77.9,0.81,58.7,0.64,77.0
244.4,21.2,169.8,195.3,29.2,35.9,61.9,57.4,0.0,150.8,0.33,125.0,0.19,99.3,0.38,100.7,0.81,120.6,0.6,103.7,0.02,28.4,0.36,50.1,0.19,80.0,0.42,79.1,0.74,82.9,1.0,87.8
198.9,154.3,115.6,25.2,36.9,30.1,54.0,50.1,0.01,161.4,0.36,132.5,0.16,104.3,0.38,101.9,0.69,100.3,1.0,92.6,0.0,22.2,0.34,52.4,0.15,73.0,0.35,77.1,0.8,57.2,0.57,81.2
238.4,39.6,164.1,200.9,30.1,36.0,55.9,52.4,0.0,150.4,0.33,124.7,0.18,103.5,0.35,100.8,0.71,115.6,0.61,99.9,0.0,28.1,0.35,50.7,0.16,78.4,0.37,78.9,0.67,80.9,1.0,87.8
194.4,164.5,112.6,173.9,33.6,30.8,55.3,53.3,0.04,156.9,0.37,129.6,0.18,102.7,0.43,101.0,0.68,98.6,1.0,92.7,0.0,26.2,0.34,54.1,0.18,75.6,0.36,79.6,0.63,62.8,0.85,54.9
239.8,38.1,156.7,212.6,29.5,36.6,57.3,51.6,0.0,152.6,0.33,126.0,0.18,104.7,0.35,102.2,0.72,117.9,0.61,98.6,0.0,25.7,0.36,50.3,0.17,76.8,0.38,79.7,0.67,79.2,1.0,88.2
211.7,135.4,117.6,28.2,36.0,28.1,51.4,55.1,0.0,158.2,0.35,130.1,0.15,102.7,0.4,99.1,0.68,102.3,1.0,91.6,0.0,23.8,0.32,52.8,0.15,75.6,0.36,76.5,0.76,59.1,0.61,74.2
244.0,16.8,165.1,201.2,28.6,36.2,55.7,51.0,0.0,152.6,0.33,126.1,0.18,106.0,0.36,102.8,0.81,122.6,0.56,105.7,0.0,27.5,0.36,51.1,0.17,77.4,0.39,80.3,0.72,82.4,1.0,88.3
197.5,157.9,112.6,3.6,34.7,28.9,54.3,54.0,0.01,152.0,0.36,127.9,0.17,100.8,0.43,98.9,0.75,97.6,1.0,92.4,0.0,28.5,0.33,54.4,0.17,76.3,0.37,77.8,0.75,58.3,0.65,62.0
240.6,207.2,172.7,193.6,29.6,31.9,56.3,56.8,0.0,151.8,0.31,125.9,0.17,102.3,0.37,100.8,0.71,117.7,0.81,123.8,0.03,26.6,0.37,52.3,0.2,80.8,0.43,79.2,0.76,83.9,1.0,88.6
197.6,156.4,112.7,18.0,32.2,29.6,56.6,59.0,0.04,154.5,0.38,127.4,0.2,100.2,0.44,99.9,0.69,98.7,1.0,91.5,0.0,28.3,0.33,54.3,0.19,77.3,0.38,79.1,0.76,58.6,0.59,72.3
246.7,6.3,163.9,201.5,28.3,32.8,59.7,54.0,0.0,152.3,0.31,126.2,0.18,103.0,0.38,101.9,0.8,123.9,0.56,112.2,0.03,26.8,0.38,52.4,0.2,78.7,0.42,79.4,0.65,80.9,1.0,88.5
207.1,138.6,109.5,23.1,33.1,31.1,55.8,59.3,0.03,152.9,0.37,127.4,0.19,100.3,0.42,99.9,0.71,101.5,1.0,91.5,0.0,28.3,0.32,53.1,0.18,77.0,0.37,78.8,0.76,56.6,0.6,72.5
248.5,1.0,158.4,207.7,31.5,31.5,58.0,54.4,0.0,151.5,0.32,128.3,0.19,105.0,0.39,102.1,0.8,124.3,0.6,116.7,0.02,28.8,0.38,53.7,0.2,79.6,0.43,79.7,0.6,79.5,1.0,88.8
207.0,147.1,111.1,25.0,34.2,32.4,56.5,57.8,0.06,151.3,0.39,127.2,0.2,100.3,0.42,100.0,0.67,100.8,1.0,91.9,0.0,27.4,0.31,51.7,0.18,76.6,0.37,78.8,0.75,56.9,0.59,76.4
245.4,13.4,158.3,209.7,29.9,34.1,56.8,55.0,0.0,159.5,0.33,129.0,0.19,104.9,0.4,102.4,0.82,124.1,0.63,112.5,0.05,23.2,0.41,51.4,0.21,79.0,0.46,80.7,0.72,80.7,1.0,88.1
197.1,155.7,111.0,59.8,33.5,33.5,57.5,58.0,0.05,152.7,0.38,127.3,0.21,99.6,0.42,100.0,0.75,97.8,1.0,91.6,0.0,24.9,0.32,50.8,0.19,74.6,0.36,78.9,0.72,57.2,0.64,53.7
246.9,16.3,163.7,203.2,29.4,33.9,59.6,54.9,0.0,156.2,0.32,128.1,0.2,103.4,0.39,102.4,0.79,124.8,0.58,107.3,0.05,27.9,0.4,52.7,0.21,81.1,0.44,80.4,0.74,82.2,1.0,88.3
214.7,138.6,110.1,18.9,35.6,31.2,53.0,61.7,0.05,152.8,0.39,127.5,0.19,101.1,0.43,98.5,0.66,101.5,1.0,91.6,0.0,26.7,0.31,51.5,0.19,76.5,0.38,77.9,0.73,56.2,0.58,70.5
248.7,15.5,169.1,194.5,30.0,34.4,60.9,57.2,0.0,153.0,0.33,127.2,0.21,103.6,0.4,101.4,0.79,124.3,0.6,109.5,0.05,29.6,0.39,52.5,0.22,81.1,0.45,80.3,0.74,83.6,1.0,88.6
227.6,121.6,111.0,20.2,34.5,33.1,52.0,51.9,0.03,153.9,0.39,127.1,0.19,100.6,0.42,99.0,0.61,105.3,1.0,91.5,0.0,26.8,0.32,50.9,0.16,75.6,0.37,78.0,0.75,56.3,0.57,73.2
252.8,26.5,172.1,196.0,31.2,30.7,62.5,51.3,0.0,159.7,0.31,129.7,0.19,104.5,0.39,101.1,0.74,125.6,0.6,100.6,0.06,25.8,0.4,54.0,0.19,81.8,0.44,79.8,0.83,85.3,1.0,89.1
201.9,142.3,108.3,22.1,31.6,33.4,52.7,56.4,0.06,151.3,0.39,124.9,0.19,98.9,0.43,98.9,0.79,98.5,1.0,90.8,0.0,24.1,0.32,50.1,0.18,76.9,0.37,78.2,0.74,54.3,0.57,75.6
252.4,25.2,169.9,199.9,32.1,30.1,55.2,51.4,0.0,159.6,0.31,129.5,0.17,104.5,0.38,100.5,0.71,124.8,0.57,100.5,0.07,24.6,0.4,53.6,0.19,81.4,0.44,79.0,0.81,83.7,1.0,88.7
208.3,143.5,111.7,21.0,31.8,32.2,52.0,56.3,0.06,155.1,0.38,125.5,0.18,99.3,0.42,98.6,0.7,100.1,1.0,90.9,0.0,17.8,0.31,48.4,0.16,76.3,0.35,76.6,0.74,53.8,0.55,73.6
256.6,20.2,176.1,187.5,33.3,28.3,51.7,47.6,0.0,152.3,0.32,126.1,0.18,94.9,0.41,96.1,0.7,124.0,0.58,103.7,0.14,24.9,0.45,52.8,0.21,76.9,0.49,76.6,0.79,83.6,1.0,87.7
198.4,162.1,110.8,328.3,31.9,32.7,49.1,49.7,0.1,158.5,0.41,126.5,0.17,100.7,0.41,99.9,0.67,97.3,1.0,90.4,0.0,14.7,0.32,48.6,0.14,80.4,0.35,77.4,0.69,54.2,0.58,78.3
252.3,33.7,174.2,192.6,30.4,28.8,46.9,47.0,0.0,167.6,0.32,129.1,0.13,98.7,0.4,99.7,0.75,126.0,0.66,104.7,0.12,21.1,0.42,52.5,0.17,78.6,0.46,77.6,0.87,85.6,1.0,88.4
202.4,134.3,110.9,332.6,30.2,30.7,44.2,46.5,0.11,156.0,0.41,125.8,0.14,101.1,0.44,100.5,0.85,98.8,1.0,91.3,0.0,14.2,0.31,49.3,0.12,81.2,0.37,77.8,0.74,53.8,0.59,78.2
235.4,96.2,175.8,188.5,35.3,25.5,33.2,39.5,0.0,155.8,0.31,128.0,0.07,98.8,0.38,96.6,0.64,110.8,0.6,122.8,0.12,23.5,0.39,53.2,0.08,76.9,0.46,76.6,0.83,84.9,1.0,88.1
203.9,147.7,106.9,336.6,28.5,31.9,39.7,36.5,0.11,160.5,0.37,127.2,0.06,103.1,0.42,100.7,0.74,99.5,1.0,91.1,0.0,4.1,0.3,47.3,0.05,78.2,0.36,79.0,0.66,54.3,0.53,75.7
241.2,93.8,173.5,195.9,38.0,19.9,30.3,38.0,0.0,159.0,0.31,130.9,0.04,103.1,0.37,97.0,0.67,114.5,0.63,121.0,0.09,22.2,0.35,57.0,0.04,79.0,0.45,78.1,0.85,85.4,1.0,88.9
193.7,162.3,100.6,335.1,25.7,33.2,37.8,32.3,0.08,156.3,0.33,125.6,0.01,97.1,0.44,100.1,0.71,96.9,1.0,90.5,0.0,13.7,0.29,48.9,0.01,73.0,0.38,81.1,0.52,64.1,0.49,74.4
256.8,14.8,169.1,213.2,36.8,20.9,28.0,38.5,0.02,172.6,0.3,135.6,0.01,112.6,0.39,99.3,0.67,124.9,0.55,111.2,0.11,14.9,0.34,54.4,0.0,83.1,0.45,78.7,0.88,84.7,1.0,89.6
191.2,170.6,114.8,314.9,9.9,36.9,41.1,18.2,0.17,156.0,0.3,102.8,0.1,96.4,0.47,99.1,0.71,95.2,1.0,90.2,0.0,19.9,0.32,50.0,0.1,75.9,0.44,85.9,0.57,67.5,0.59,81.3
243.9,1.3,176.1,186.2,40.1,9.9,16.9,40.1,0.15,196.4,0.36,150.4,0.09,171.0,0.44,105.1,0.72,123.1,0.62,118.8,0.17,3.7,0.31,57.7,0.0,157.9,0.49,80.9,0.87,88.8,1.0,90.9
182.9,177.0,113.8,0.0,14.9,39.0,37.1,15.8,0.11,155.4,0.31,122.2,0.0,97.2,0.48,100.7,0.82,93.8,1.0,91.3,0.0,15.5,0.27,44.0,0.02,54.1,0.4,81.3,0.67,59.5,0.53,67.8
256.4,0.3,180.8,176.8,64.4,12.8,4.7,37.1,0.04,200.3,0.26,168.2,0.03,233.3,0.4,101.0,0.66,126.9,0.62,124.6,0.12,0.5,0.2,40.1,0.0,264.2,0.47,77.9,0.77,86.1,1.0,88.8
208.6,145.3,106.6,335.6,12.9,57.5,35.5,0.6,0.1,170.7,0.19,130.9,0.0,288.5,0.48,96.0,0.65,98.4,1.0,89.2,0.09,345.9,0.29,14.4,0.06,326.4,0.42,73.1,0.71,49.3,0.58,74.0
254.9,6.8,177.1,187.4,74.0,30.6,11.6,19.9,0.03,196.6,0.25,174.1,0.04,237.2,0.41,102.0,0.72,129.3,0.61,121.4,0.1,16.0,0.18,34.1,0.0,273.6,0.48,79.3,0.78,85.4,1.0,89.3
207.5,150.5,105.7,332.5,24.6,72.6,28.6,11.7,0.1,166.4,0.15,147.4,0.0,266.0,0.49,97.6,0.63,98.9,1.0,90.7,0.04,343.8,0.24,4.9,0.04,305.8,0.41,75.5,0.72,49.4,0.6,78.8
253.7,178.1,177.7,188.3,83.2,33.5,17.3,17.1,0.01,196.8,0.24,179.7,0.04,240.5,0.4,101.1,0.61,123.1,0.77,129.9,0.08,13.3,0.16,30.9,0.0,276.2,0.47,79.6,0.83,86.6,1.0,89.6
180.7,178.4,143.8,266.9,35.9,88.6,14.4,25.0,0.07,162.2,0.12,150.3,0.0,265.3,0.48,98.0,0.74,92.7,1.0,89.4,0.0,352.5,0.2,359.8,0.04,304.7,0.42,80.1,0.59,74.2,0.66,85.2
197.3,117.0,176.3,188.7,254.9,35.5,42.0,73.6,0.0,194.9,0.22,193.4,0.12,250.5,0.44,98.8,0.67,100.6,0.74,93.4,0.08,9.0,0.06,19.3,0.1,273.1,0.48,80.2,0.8,85.6,1.0,89.1
183.2,182.2,146.6,260.6,166.4,103.3,145.2,316.9,0.08,152.1,0.07,159.1,0.06,273.5,0.5,94.6,0.69,91.5,1.0,89.5,0.0,16.7,0.2,355.7,0.07,295.4,0.44,81.3,0.6,75.4,0.69,85.9
230.8,53.6,186.2,153.1,246.1,181.5,56.0,223.6,0.0,183.7,0.22,198.2,0.16,257.7,0.49,99.5,0.73,113.0,0.73,95.5,0.12,12.8,0.12,6.3,0.14,278.8,0.55,80.6,0.89,89.9,1.0,88.9
187.5,169.5,106.4,335.0,121.6,108.0,198.3,306.7,0.1,162.9,0.05,173.1,0.12,265.5,0.54,96.1,0.81,93.2,1.0,90.1,0.0,2.5,0.19,346.2,0.13,282.0,0.47,79.0,0.71,53.3,0.63,82.3
180.9,180.0,204.8,164.0,191.6,184.8,127.2,196.4,0.0,203.1,0.2,236.9,0.41,270.8,0.53,91.5,0.79,89.3,1.0,88.4,0.01,13.1,0.16,297.5,0.39,277.0,0.54,88.4,0.62,92.9,0.74,94.9
180.3,181.3,107.0,318.8,151.2,144.2,211.2,249.3,0.03,121.7,0.02,283.4,0.26,267.8,0.56,89.8,0.78,88.4,1.0,87.9,0.0,67.2,0.13,318.2,0.25,271.5,0.51,83.8,0.59,69.3,0.64,83.5
260.2,171.3,175.4,183.4,189.6,192.9,141.7,191.4,0.0,207.1,0.18,244.7,0.43,273.9,0.45,98.8,0.63,124.9,0.79,132.1,0.1,11.9,0.17,314.2,0.42,281.4,0.51,81.4,0.74,85.3,1.0,88.6
252.6,34.7,174.3,179.3,42.5,49.5,39.3,48.9,0.0,122.9,0.22,125.7,0.12,104.4,0.34,98.1,0.52,117.8,0.5,100.1,0.02,50.0,0.22,51.0,0.13,77.5,0.38,84.4,0.7,88.7,1.0,90.3
186.3,180.2,111.1,312.9,50.0,40.9,48.4,40.1,0.02,126.6,0.23,127.4,0.14,101.2,0.38,94.6,0.71,91.0,1.0,89.5,0.0,58.0,0.21,54.8,0.12,73.9,0.34,80.5,0.53,61.5,0.55,79.9
252.6,37.5,174.0,179.0,40.2,44.5,34.3,43.7,0.0,123.6,0.21,125.0,0.09,102.6,0.34,98.6,0.53,119.1,0.52,99.1,0.02,50.4,0.21,53.8,0.09,82.8,0.37,85.0,0.7,89.1,1.0,90.6
187.9,179.2,112.2,325.0,46.4,39.7,40.6,35.2,0.04,126.7,0.23,125.4,0.1,98.8,0.4,94.4,0.72,91.2,1.0,89.6,0.0,61.0,0.21,55.7,0.11,76.6,0.35,80.7,0.55,61.1,0.52,79.9
253.9,24.2,173.2,179.1,40.8,39.4,28.9,44.7,0.0,123.3,0.21,125.5,0.06,102.9,0.35,99.3,0.54,120.1,0.47,97.2,0.01,49.6,0.19,55.9,0.06,84.4,0.38,85.7,0.7,89.3,1.0,90.6
187.6,179.7,111.7,334.1,40.6,38.3,39.4,26.2,0.03,127.5,0.21,123.3,0.07,96.5,0.39,94.4,0.71,91.1,1.0,89.5,0.0,61.7,0.21,56.8,0.07,76.9,0.35,80.8,0.54,61.1,0.47,81.7
252.9,25.4,173.0,178.9,39.9,38.3,28.4,46.2,0.0,123.0,0.21,125.1,0.06,103.4,0.35,99.4,0.54,119.5,0.47,97.3,0.01,49.9,0.19,56.6,0.07,85.5,0.38,86.0,0.7,89.4,1.0,90.6
187.9,179.8,111.5,333.2,39.0,37.4,40.7,26.6,0.04,128.7,0.22,123.2,0.07,96.3,0.4,94.8,0.72,91.4,1.0,89.8,0.0,63.4,0.21,57.6,0.08,78.5,0.36,81.4,0.54,61.8,0.48,82.3
250.6,27.8,172.7,179.2,40.3,38.0,24.3,46.3,0.0,120.0,0.21,124.6,0.06,104.3,0.35,98.9,0.53,118.8,0.48,96.2,0.02,49.0,0.2,56.3,0.07,85.4,0.39,85.5,0.72,89.1,1.0,90.4
188.3,179.5,112.2,329.7,38.6,38.7,42.2,26.7,0.05,129.2,0.22,123.4,0.07,95.1,0.4,95.0,0.73,91.5,1.0,89.9,0.0,65.9,0.21,57.9,0.09,76.6,0.35,81.8,0.53,62.6,0.49,83.7
249.0,31.1,172.3,179.5,39.0,36.9,22.3,46.5,0.0,116.9,0.21,123.4,0.07,104.4,0.35,98.4,0.53,118.1,0.49,95.9,0.04,48.7,0.21,56.6,0.08,85.7,0.39,85.1,0.71,88.8,1.0,90.2
188.1,179.8,111.4,328.8,35.3,37.8,44.6,21.7,0.05,128.7,0.21,121.6,0.07,92.7,0.4,94.9,0.72,91.3,1.0,89.7,0.0,66.1,0.21,58.6,0.08,75.7,0.35,81.7,0.52,62.7,0.49,83.8
251.7,30.0,173.2,179.6,38.7,34.1,21.3,48.5,0.0,114.8,0.22,122.0,0.08,105.2,0.35,97.3,0.52,117.7,0.49,95.4,0.04,49.6,0.21,58.0,0.09,87.1,0.39,84.7,0.71,88.7,1.0,90.3
186.6,181.2,110.4,324.0,32.5,36.3,49.8,15.7,0.05,129.0,0.21,120.9,0.08,92.1,0.41,95.2,0.72,91.3,1.0,89.8,0.0,68.0,0.21,60.0,0.09,70.1,0.35,82.2,0.49,64.4,0.5,83.5
249.4,31.8,171.7,179.5,35.4,28.1,16.8,54.7,0.0,112.8,0.21,120.3,0.09,109.3,0.36,97.9,0.51,116.9,0.5,95.8,0.05,50.4,0.22,61.3,0.1,88.3,0.4,85.3,0.71,88.8,1.0,90.2
189.2,179.5,108.5,323.5,26.0,33.8,53.8,15.4,0.06,129.2,0.22,117.9,0.09,89.7,0.41,94.9,0.72,91.5,1.0,89.9,0.0,67.1,0.21,60.8,0.09,70.3,0.35,82.2,0.49,63.2,0.5,84.3
249.3,35.0,172.6,178.7,35.5,25.7,16.1,55.2,0.0,112.5,0.21,120.2,0.09,108.5,0.35,97.3,0.5,116.3,0.5,95.4,0.05,46.2,0.22,60.6,0.1,87.8,0.4,84.3,0.7,88.4,1.0,90.0
189.8,179.9,108.6,322.1,25.5,33.8,55.3,15.1,0.07,131.4,0.22,118.9,0.1,91.0,0.41,95.3,0.73,91.7,1.0,90.1,0.0,69.1,0.2,61.2,0.1,70.8,0.36,82.7,0.49,63.7,0.51,84.7
251.4,30.0,172.6,179.1,35.2,24.3,18.5,58.5,0.0,110.8,0.21,119.3,0.09,105.6,0.36,96.7,0.52,117.1,0.5,95.2,0.06,46.0,0.22,60.9,0.11,87.2,0.4,84.1,0.72,88.3,1.0,89.9
189.9,180.2,109.5,324.0,23.6,33.5,58.0,10.6,0.07,130.5,0.22,117.6,0.1,89.9,0.41,94.9,0.73,91.5,1.0,90.1,0.0,69.4,0.21,61.4,0.09,69.7,0.36,82.6,0.5,63.4,0.51,84.1
250.6,36.2,172.6,177.2,34.9,24.2,16.7,59.1,0.0,109.7,0.21,119.0,0.1,108.1,0.37,96.7,0.5,115.5,0.52,95.1,0.07,47.6,0.23,61.4,0.12,87.7,0.41,84.1,0.71,88.2,1.0,89.5
191.2,178.2,109.4,320.6,22.5,32.3,58.6,12.0,0.07,131.0,0.22,117.1,0.1,89.3,0.41,94.8,0.72,91.8,1.0,90.0,0.0,68.7,0.2,61.8,0.09,70.0,0.36,82.4,0.49,64.1,0.51,84.4
249.7,36.8,172.0,177.7,33.7,22.3,15.2,58.9,0.0,110.1,0.21,118.5,0.1,107.8,0.37,96.9,0.51,115.7,0.52,94.9,0.07,48.2,0.23,62.7,0.12,87.9,0.41,84.2,0.71,88.1,1.0,89.3
190.7,178.5,109.0,322.8,21.5,33.1,57.9,13.2,0.07,130.1,0.22,116.5,0.1,90.4,0.41,95.1,0.72,92.0,1.0,90.3,0.0,71.0,0.2,62.6,0.08,72.4,0.36,82.9,0.49,64.1,0.51,84.9
250.3,37.2,172.6,176.1,31.1,18.6,15.2,61.5,0.0,112.0,0.2,117.9,0.1,109.9,0.36,97.4,0.49,115.8,0.51,95.5,0.07,47.4,0.23,64.7,0.12,89.2,0.41,84.7,0.7,88.8,1.0,89.9
190.2,178.4,106.4,320.8,15.1,31.7,63.1,7.5,0.07,131.1,0.22,114.4,0.1,88.2,0.41,95.3,0.73,92.0,1.0,90.2,0.0,70.2,0.2,63.3,0.08,69.6,0.36,83.4,0.48,64.6,0.51,84.7
251.9,36.1,173.2,177.2,32.9,16.8,10.7,61.9,0.0,110.6,0.2,118.3,0.09,111.0,0.36,96.6,0.48,115.5,0.5,95.0,0.07,46.2,0.22,64.5,0.12,90.0,0.4,84.2,0.69,88.5,1.0,89.9
189.8,179.4,107.4,321.3,15.8,30.4,63.3,6.6,0.07,131.5,0.21,114.8,0.1,88.5,0.41,95.4,0.72,91.9,1.0,90.3,0.0,70.2,0.2,64.0,0.09,69.3,0.35,83.5,0.48,64.3,0.5,84.5
251.2,38.0,171.6,179.0,32.4,13.4,11.2,63.7,0.0,110.8,0.2,118.0,0.1,111.6,0.35,96.7,0.48,115.8,0.5,95.6,0.07,45.0,0.23,66.0,0.12,90.0,0.4,84.1,0.69,88.2,1.0,90.0
188.9,180.1,105.4,321.4,14.2,31.7,63.8,11.5,0.07,130.6,0.22,114.2,0.11,89.4,0.41,96.2,0.71,92.3,1.0,90.6,0.0,72.5,0.2,65.2,0.09,72.8,0.36,85.0,0.48,65.2,0.51,85.3
252.6,38.9,171.8,179.2,32.5,9.5,15.7,61.7,0.0,113.0,0.2,119.3,0.11,110.8,0.36,96.0,0.48,115.5,0.5,95.3,0.09,41.7,0.23,66.4,0.11,91.5,0.41,83.5,0.69,87.8,1.0,89.8
187.6,182.0,105.0,321.5,9.1,31.5,62.6,11.9,0.09,130.2,0.22,112.2,0.1,89.1,0.41,96.5,0.71,92.2,1.0,90.6,0.0,71.3,0.2,64.6,0.09,73.1,0.36,85.2,0.48,65.8,0.51,85.6
252.6,39.3,172.6,178.1,34.7,3.2,7.9,59.9,0.0,113.7,0.21,121.6,0.09,114.3,0.37,95.3,0.48,114.3,0.51,94.8,0.11,39.3,0.24,68.0,0.09,94.1,0.42,82.8,0.71,87.6,1.0,89.4
188.0,182.1,103.4,320.7,0.6,32.2,63.0,6.9,0.1,132.8,0.22,109.7,0.09,84.6,0.41,96.8,0.71,92.4,1.0,90.9,0.0,70.2,0.2,63.3,0.07,70.7,0.37,85.7,0.47,66.1,0.51,85.6
253.7,39.6,171.8,179.0,36.9,2.7,0.7,58.2,0.0,113.3,0.2,122.9,0.08,119.5,0.38,94.7,0.48,114.3,0.52,95.1,0.11,40.8,0.23,68.2,0.08,95.5,0.42,83.1,0.71,87.5,1.0,89.2
188.4,181.4,104.3,320.6,2.2,35.8,62.8,2.3,0.09,133.7,0.2,109.4,0.06,81.9,0.42,96.6,0.72,92.4,1.0,90.9,0.0,71.7,0.19,61.3,0.07,67.2,0.37,85.4,0.47,66.0,0.52,85.9
253.4,43.2,173.4,176.8,37.7,2.5,4.2,60.9,0.0,117.7,0.18,124.4,0.08,125.2,0.38,94.3,0.48,114.1,0.53,94.7,0.12,38.9,0.22,67.5,0.07,95.5,0.43,82.5,0.71,87.5,1.0,89.0
188.4,181.4,102.8,315.6,5.4,33.8,63.4,7.1,0.11,135.6,0.21,110.4,0.06,82.2,0.43,97.1,0.73,92.7,1.0,91.2,0.0,63.2,0.18,59.7,0.07,65.5,0.38,86.0,0.47,67.5,0.53,86.2
254.4,45.6,174.5,175.9,58.0,20.7,25.7,71.2,0.02,106.6,0.17,132.3,0.03,143.1,0.38,94.5,0.47,112.2,0.52,94.2,0.1,39.9,0.15,70.0,0.0,108.9,0.42,83.0,0.71,88.0,1.0,89.2
187.3,182.0,105.4,314.9,19.9,53.8,70.8,23.1,0.09,135.7,0.15,106.6,0.0,58.9,0.42,95.7,0.73,91.8,1.0,90.7,0.01,70.3,0.16,48.1,0.02,36.3,0.38,84.6,0.47,66.6,0.52,84.7
256.9,43.7,174.2,175.3,72.0,41.2,42.3,92.0,0.05,115.0,0.19,145.0,0.06,187.7,0.4,95.4,0.48,112.9,0.53,95.4,0.12,33.0,0.12,65.9,0.0,172.4,0.44,83.7,0.72,88.6,1.0,89.5
186.1,183.6,102.1,311.9,38.2,71.2,81.9,44.1,0.11,143.7,0.12,107.1,0.0,5.4,0.44,95.8,0.73,91.6,1.0,90.7,0.03,65.0,0.17,32.2,0.06,346.8,0.39,84.2,0.46,66.6,0.54,84.5
255.3,45.8,173.8,175.5,71.1,45.5,45.1,90.0,0.05,112.7,0.19,143.8,0.07,190.3,0.41,94.9,0.49,112.5,0.55,94.8,0.13,37.1,0.12,66.3,0.0,196.5,0.45,83.7,0.73,88.3,1.0,89.1
186.5,182.9,104.4,315.5,55.0,72.7,95.8,45.7,0.08,141.5,0.07,99.5,0.0,338.2,0.43,94.8,0.73,91.1,1.0,90.3,0.0,56.9,0.15,28.6,0.05,339.0,0.38,82.8,0.47,64.6,0.53,83.5
256.6,45.2,175.4,175.4,75.3,67.1,51.5,110.2,0.05,106.8,0.17,143.3,0.06,192.1,0.42,94.2,0.49,111.8,0.55,94.6,0.13,40.1,0.09,67.5,0.0,206.6,0.45,83.2,0.74,88.1,1.0,89.0
186.1,184.0,103.1,314.6,70.1,78.1,111.9,52.0,0.08,146.2,0.04,103.4,0.04,316.1,0.43,94.8,0.73,91.0,1.0,90.4,0.0,50.0,0.15,20.7,0.08,326.2,0.38,82.7,0.46,63.9,0.53,83.5
254.1,46.1,176.1,173.1,271.2,278.8,67.1,115.5,0.0,123.5,0.14,168.0,0.12,227.0,0.39,95.1,0.47,112.9,0.53,95.0,0.1,28.0,0.02,69.1,0.07,244.7,0.43,83.3,0.72,88.5,1.0,88.9
185.3,183.9,104.0,307.9,95.3,100.0,231.4,282.7,0.1,146.6,0.0,99.8,0.09,297.7,0.44,96.0,0.74,91.7,1.0,91.0,0.02,71.1,0.13,8.9,0.11,309.5,0.4,84.8,0.46,68.6,0.54,85.2
257.9,50.1,176.8,174.0,256.1,262.9,81.9,130.3,0.01,100.3,0.1,169.6,0.09,230.7,0.4,93.2,0.46,110.0,0.54,94.0,0.1,32.3,0.0,58.8,0.06,250.2,0.44,82.7,0.73,87.8,1.0,88.4
186.2,183.7,102.9,305.9,108.7,111.5,217.0,269.7,0.13,146.2,0.0,127.6,0.13,290.9,0.46,96.2,0.75,92.1,1.0,91.3,0.05,79.0,0.14,1.8,0.15,303.7,0.41,85.3,0.46,70.1,0.55,85.5
261.7,48.8,178.0,173.7,246.1,245.8,92.4,145.6,0.05,102.0,0.12,173.0,0.12,234.2,0.43,93.6,0.47,109.8,0.55,95.3,0.12,39.3,0.0,58.9,0.1,250.0,0.47,83.6,0.74,88.3,1.0,88.9
185.9,184.1,106.0,303.5,118.4,116.8,208.7,263.4,0.13,138.7,0.0,130.0,0.12,288.5,0.46,96.1,0.75,92.1,1.0,91.4,0.05,84.0,0.12,359.1,0.14,301.8,0.42,85.7,0.47,70.7,0.56,85.4
256.7,55.5,178.6,174.0,244.3,238.1,94.8,150.5,0.05,104.2,0.13,180.1,0.15,238.9,0.43,94.4,0.49,109.6,0.57,95.7,0.13,43.2,0.0,64.0,0.13,250.5,0.48,84.2,0.74,88.7,1.0,89.3
185.8,184.3,109.0,298.9,125.4,116.5,201.1,263.1,0.13,136.5,0.0,149.2,0.14,287.4,0.47,95.2,0.75,91.6,1.0,91.1,0.05,86.1,0.13,354.5,0.15,300.4,0.42,85.2,0.48,71.2,0.57,85.1
254.3,59.1,177.7,174.0,238.3,231.4,102.5,157.3,0.06,101.2,0.12,183.8,0.15,240.9,0.44,94.5,0.49,109.1,0.58,96.1,0.13,44.9,0.0,23.4,0.13,254.7,0.48,84.6,0.75,88.9,1.0,89.3
185.3,184.6,111.9,287.4,131.4,119.6,195.4,258.1,0.12,138.3,0.0,222.7,0.16,285.2,0.47,94.7,0.75,91.2,1.0,90.8,0.04,87.8,0.13,343.6,0.18,295.6,0.42,84.2,0.46,73.3,0.58,84.8
254.8,59.2,179.5,173.3,234.4,225.4,108.7,163.7,0.05,102.1,0.1,181.9,0.14,242.7,0.44,94.9,0.5,108.7,0.59,95.7,0.13,53.5,0.0,55.9,0.08,253.4,0.48,85.5,0.74,89.6,1.0,89.9
185.3,184.5,112.3,285.9,137.8,129.2,190.2,246.7,0.1,136.8,0.0,252.1,0.17,283.3,0.45,94.1,0.74,90.7,1.0,90.4,0.02,87.0,0.11,332.4,0.18,290.8,0.4,83.8,0.45,72.6,0.57,83.9
249.8,62.2,178.2,172.7,220.4,214.2,132.5,174.0,0.05,94.4,0.08,206.4,0.18,252.2,0.44,95.1,0.5,107.5,0.58,95.7,0.12,50.7,0.0,335.8,0.14,262.4,0.49,86.0,0.74,89.6,1.0,89.6
185.5,183.4,132.1,265.4,141.9,139.4,190.7,225.5,0.09,135.1,0.0,234.8,0.15,276.6,0.46,92.7,0.74,90.0,1.0,89.7,0.01,80.3,0.11,317.8,0.23,287.2,0.41,81.9,0.47,75.0,0.57,83.1
249.4,62.9,178.4,173.2,216.2,211.0,140.8,172.5,0.03,89.0,0.05,216.9,0.18,255.6,0.43,94.9,0.48,107.6,0.57,95.6,0.1,49.9,0.0,305.8,0.17,266.1,0.48,85.7,0.74,89.4,1.0,89.6
184.3,183.4,138.2,254.2,146.3,146.1,189.5,215.5,0.1,135.5,0.0,223.6,0.18,272.7,0.47,94.6,0.74,91.4,1.0,90.8,0.01,94.6,0.07,309.1,0.21,281.2,0.42,84.5,0.48,78.6,0.58,85.1
221.2,79.4,177.6,174.1,209.6,207.5,156.0,174.7,0.02,66.2,0.0,249.7,0.19,265.3,0.41,91.4,0.5,99.7,0.54,93.4,0.09,38.8,0.02,315.1,0.19,274.5,0.48,83.5,0.74,87.5,1.0,88.2
184.4,183.5,169.7,219.6,152.1,154.2,186.3,201.0,0.08,136.5,0.0,215.5,0.19,267.2,0.47,94.8,0.73,91.7,1.0,91.0,0.0,107.5,0.04,287.8,0.21,275.1,0.42,85.8,0.56,82.5,0.61,84.7
202.1,116.2,175.5,176.5,199.4,206.1,172.5,174.8,0.01,70.3,0.0,265.9,0.2,265.5,0.41,92.3,0.53,97.9,0.55,96.0,0.07,43.1,0.01,301.7,0.2,272.4,0.47,85.2,0.74,88.2,1.0,88.8
184.0,183.3,172.4,189.3,156.1,160.2,182.9,192.0,0.07,135.4,0.01,227.4,0.22,268.6,0.46,93.7,0.72,90.9,1.0,90.3,0.0,97.9,0.06,284.7,0.25,276.2,0.41,84.8,0.53,82.9,0.61,83.1
200.5,129.2,175.3,177.0,199.9,206.3,173.4,173.0,0.0,72.7,0.0,263.7,0.21,264.4,0.41,93.4,0.52,98.2,0.55,96.8,0.05,44.3,0.01,295.9,0.21,271.2,0.47,86.4,0.74,88.9,1.0,89.4
183.6,184.7,169.3,192.7,155.3,162.2,184.7,187.3,0.08,131.5,0.0,220.0,0.21,268.0,0.47,93.7,0.73,90.8,1.0,90.4,0.02,98.6,0.04,281.2,0.23,275.9,0.42,85.1,0.55,82.3,0.59,82.4
194.9,153.2,176.1,176.1,198.3,204.7,176.0,175.1,0.0,72.3,0.01,267.0,0.21,264.9,0.41,93.4,0.53,97.5,0.55,97.2,0.06,47.5,0.0,299.7,0.2,271.3,0.46,86.0,0.73,88.9,1.0,89.4
183.4,185.5,170.6,193.3,152.7,165.1,187.4,184.3,0.08,133.0,0.0,230.5,0.23,269.3,0.46,93.9,0.72,90.7,1.0,90.4,0.01,94.5,0.05,279.9,0.24,275.8,0.42,84.8,0.55,82.4,0.6,82.7
195.7,150.3,176.7,172.8,197.5,206.6,176.0,173.4,0.01,72.4,0.0,268.8,0.21,265.6,0.42,92.9,0.54,96.8,0.56,96.2,0.06,45.0,0.01,295.9,0.22,270.7,0.48,86.3,0.74,89.3,1.0,89.2
183.1,185.4,176.5,186.4,155.8,162.1,185.8,186.9,0.06,131.0,0.0,236.3,0.23,270.0,0.46,93.1,0.73,90.3,1.0,90.3,0.0,99.2,0.05,280.6,0.26,275.9,0.42,84.8,0.56,83.4,0.63,83.6
192.8,26.6,175.7,174.6,196.6,205.5,176.1,173.9,0.01,71.7,0.0,270.6,0.22,266.2,0.43,92.1,0.55,95.5,0.51,96.3,0.07,47.2,0.01,300.2,0.23,271.4,0.48,86.3,0.74,88.9,1.0,89.0
184.0,184.7,179.4,192.4,156.6,164.0,184.4,184.6,0.07,131.3,0.0,231.6,0.24,269.2,0.47,93.3,0.74,90.7,1.0,90.6,0.0,98.2,0.06,278.4,0.26,275.7,0.43,84.8,0.58,84.0,0.71,85.7
183.0,149.7,176.2,173.0,197.4,205.7,175.8,172.8,0.03,76.8,0.0,264.3,0.21,264.2,0.44,93.1,0.61,94.8,0.67,92.8,0.07,49.6,0.01,294.1,0.24,270.1,0.49,87.2,0.75,89.8,1.0,89.5
182.4,185.0,180.4,190.5,157.6,166.0,185.9,181.5,0.04,128.5,0.0,248.9,0.23,270.4,0.46,92.8,0.73,90.1,1.0,90.0,0.01,100.7,0.02,274.8,0.22,275.6,0.42,86.9,0.62,86.1,0.78,87.7
209.4,22.7,58.7,54.7,6.2,63.9,61.0,253.7,0.33,137.6,0.6,111.1,0.39,86.1,0.59,107.9,1.0,107.8,0.73,99.1,0.0,133.4,0.19,35.9,0.33,70.2,0.44,95.7,0.39,85.5,0.78,91.5
22.6,19.2,147.0,20.3,69.2,6.7,105.5,66.1,0.0,82.9,0.17,146.8,0.3,114.8,0.47,86.4,0.32,97.3,0.71,89.8,0.31,41.1,0.57,68.1,0.38,95.7,0.61,74.5,1.0,72.5,0.79,79.0
216.7,13.3,144.5,218.3,7.3,63.9,58.8,268.6,0.3,136.3,0.58,110.3,0.35,86.1,0.58,105.5,1.0,108.7,0.72,101.8,0.0,86.9,0.21,38.9,0.3,72.2,0.46,93.2,0.49,90.9,0.79,93.0
18.3,8.9,142.6,23.0,66.2,8.3,99.4,62.5,0.0,102.1,0.19,142.5,0.28,115.5,0.49,88.0,0.4,84.5,0.7,89.0,0.29,42.7,0.57,68.5,0.36,94.5,0.59,74.8,1.0,71.3,0.78,79.9
216.4,14.4,174.8,188.3,7.4,63.1,57.3,271.1,0.3,138.8,0.58,111.2,0.35,87.9,0.57,106.6,1.0,109.4,0.69,101.1,0.0,60.6,0.23,37.8,0.32,72.3,0.49,92.0,0.62,91.6,0.89,93.7
105.4,273.7,140.3,15.1,62.1,7.6,90.5,60.7,0.0,119.5,0.22,142.0,0.27,117.9,0.5,89.5,0.52,81.9,0.8,89.4,0.27,40.0,0.55,68.5,0.33,93.5,0.57,75.1,1.0,70.4,0.74,78.3
220.3,27.4,136.2,228.3,8.7,60.5,55.9,281.4,0.27,139.4,0.55,111.7,0.32,88.9,0.55,105.7,1.0,110.5,0.73,96.2,0.0,52.1,0.24,39.2,0.27,71.8,0.47,90.6,0.5,88.2,0.83,92.7
139.7,246.3,139.4,9.4,60.5,7.5,78.4,61.5,0.0,116.1,0.25,139.9,0.27,112.3,0.5,89.9,0.62,81.1,0.84,89.1,0.27,39.7,0.54,68.1,0.32,93.5,0.58,75.3,1.0,70.2,0.78,74.6
223.6,18.1,207.0,137.2,7.1,58.7,58.2,292.8,0.25,141.0,0.52,111.5,0.29,87.3,0.55,105.1,1.0,111.5,0.67,98.0,0.0,52.8,0.27,41.0,0.26,75.2,0.49,90.1,0.67,98.7,0.98,93.1
173.5,203.2,136.2,17.1,56.5,7.2,64.6,60.1,0.0,120.2,0.28,137.5,0.26,107.6,0.52,89.9,0.89,85.7,0.97,87.0,0.25,37.7,0.52,67.8,0.3,94.0,0.57,75.0,1.0,68.5,0.74,78.2
227.1,18.8,202.4,141.7,10.3,57.1,56.2,300.0,0.25,139.4,0.53,111.9,0.29,86.8,0.57,103.1,1.0,110.9,0.69,96.6,0.0,57.0,0.29,41.8,0.26,75.7,0.52,88.5,0.79,97.6,1.0,93.7
169.7,26.8,135.1,6.5,54.7,7.7,63.7,60.2,0.0,116.3,0.28,135.3,0.26,106.0,0.53,90.9,0.93,85.3,0.89,86.6,0.24,38.8,0.51,67.8,0.29,93.7,0.57,75.9,1.0,68.6,0.79,72.9
228.7,13.3,206.4,133.5,9.3,56.1,56.0,299.9,0.24,140.9,0.52,112.0,0.28,87.8,0.58,103.1,1.0,111.6,0.72,101.7,0.0,51.3,0.29,41.6,0.25,76.5,0.53,88.5,0.76,97.9,1.0,92.6
174.6,185.0,134.1,3.0,54.1,7.8,63.0,61.5,0.0,116.6,0.29,134.2,0.26,106.2,0.54,90.7,0.88,87.2,1.0,87.1,0.23,39.2,0.5,67.2,0.29,93.3,0.58,75.9,1.0,68.1,0.79,71.7
231.7,9.7,202.6,139.0,10.7,54.1,56.9,302.4,0.22,140.4,0.48,113.0,0.26,89.2,0.54,102.4,0.94,112.3,0.67,102.3,0.0,60.8,0.27,45.3,0.23,77.9,0.52,88.2,0.78,97.0,1.0,92.5
176.0,182.5,133.0,2.0,53.4,9.1,57.1,61.1,0.0,119.1,0.27,133.9,0.23,107.1,0.52,91.8,0.8,88.8,1.0,88.1,0.2,39.1,0.45,66.4,0.26,93.4,0.54,76.5,0.93,67.9,0.78,69.8
233.6,8.7,192.4,157.3,11.7,53.1,55.4,303.7,0.21,140.0,0.46,113.8,0.24,88.9,0.54,102.2,0.92,112.9,0.7,105.0,0.0,59.1,0.27,46.3,0.22,77.7,0.52,88.5,0.8,94.0,1.0,92.1
177.7,181.9,131.4,1.8,53.9,9.8,56.6,61.1,0.0,115.3,0.27,133.0,0.23,107.0,0.5,91.1,0.77,88.7,1.0,88.1,0.19,39.6,0.44,65.9,0.25,92.2,0.52,76.4,0.91,67.2,0.71,71.3
234.1,14.3,184.9,172.8,13.7,54.2,55.9,306.9,0.16,138.6,0.41,115.1,0.22,90.7,0.5,102.1,0.87,113.5,0.69,104.8,0.0,65.3,0.25,49.0,0.2,78.9,0.49,88.3,0.79,91.9,1.0,92.0
183.5,169.8,128.9,0.2,50.4,13.3,56.2,59.0,0.0,117.5,0.25,130.6,0.21,103.6,0.48,91.6,0.74,90.9,1.0,88.2,0.17,39.9,0.41,64.3,0.23,91.1,0.49,77.0,0.86,66.4,0.69,70.0
233.9,16.2,180.8,180.6,14.5,52.9,55.4,307.7,0.16,138.7,0.4,115.9,0.21,91.3,0.49,102.4,0.85,113.9,0.66,103.5,0.0,63.0,0.25,49.3,0.2,78.8,0.47,88.4,0.76,90.9,1.0,92.1
183.8,169.5,128.6,1.0,51.5,13.3,55.0,59.7,0.0,115.6,0.25,130.5,0.21,102.7,0.47,91.6,0.73,91.0,1.0,88.2,0.16,39.2,0.4,63.7,0.22,90.7,0.48,76.7,0.84,66.1,0.68,70.0
235.5,18.6,178.0,182.8,17.5,51.3,54.5,310.4,0.13,137.9,0.36,117.3,0.18,91.1,0.46,101.7,0.79,114.2,0.62,103.1,0.0,58.1,0.25,49.6,0.18,77.8,0.45,87.9,0.75,90.0,1.0,91.6
184.3,169.2,127.2,2.1,49.5,16.8,54.4,57.7,0.0,122.8,0.26,131.0,0.2,101.9,0.44,92.6,0.73,91.6,1.0,88.5,0.13,40.6,0.37,63.0,0.21,91.0,0.44,77.7,0.8,65.6,0.63,70.4
237.4,13.9,178.4,182.9,19.7,48.7,52.9,311.7,0.12,136.3,0.35,117.6,0.17,92.1,0.45,101.1,0.77,114.1,0.6,104.5,0.0,58.3,0.25,51.6,0.17,77.4,0.44,87.1,0.75,89.6,1.0,91.4
184.7,170.6,124.0,13.6,51.6,18.4,50.7,55.6,0.0,119.8,0.24,129.3,0.18,102.2,0.44,92.8,0.73,91.4,1.0,88.5,0.11,44.3,0.35,63.2,0.18,90.0,0.43,78.5,0.77,65.3,0.61,74.2
240.0,16.0,174.0,185.1,22.1,49.1,50.9,307.5,0.09,138.1,0.33,120.4,0.15,94.0,0.43,102.0,0.73,116.5,0.58,105.9,0.0,53.1,0.23,51.1,0.16,79.3,0.43,87.8,0.71,89.4,1.0,91.6
187.3,169.3,122.3,9.3,50.7,21.8,49.0,54.2,0.0,122.2,0.23,128.7,0.16,99.3,0.42,92.4,0.72,91.4,1.0,88.4,0.09,42.0,0.32,59.8,0.16,87.8,0.41,77.4,0.73,63.3,0.58,70.6
241.2,9.9,174.3,184.7,23.8,49.3,50.0,310.4,0.08,136.0,0.32,120.5,0.14,93.6,0.42,101.6,0.72,116.9,0.56,107.4,0.0,55.0,0.23,51.7,0.15,79.4,0.43,87.6,0.72,89.4,1.0,91.4
187.9,169.6,120.9,11.9,50.8,21.5,43.8,54.2,0.0,123.1,0.24,128.5,0.14,100.6,0.41,92.9,0.71,91.8,1.0,88.7,0.07,43.3,0.31,60.3,0.15,88.1,0.4,77.7,0.72,62.9,0.57,71.6
241.9,12.0,174.9,183.9,22.8,49.1,50.5,48.3,0.08,137.5,0.31,120.6,0.13,92.6,0.42,101.7,0.72,117.2,0.55,106.2,0.0,54.3,0.23,51.6,0.14,81.0,0.43,87.3,0.72,89.4,1.0,91.4
187.6,170.9,118.6,8.5,51.3,22.5,43.4,52.9,0.0,124.5,0.24,129.4,0.13,100.2,0.42,93.0,0.72,91.7,1.0,88.9,0.07,42.6,0.3,59.9,0.14,88.5,0.4,78.3,0.71,62.9,0.56,71.0
243.8,9.4,175.0,183.4,23.9,49.9,47.4,42.1,0.07,136.7,0.29,121.0,0.11,93.3,0.42,100.8,0.7,117.0,0.57,109.2,0.0,50.0,0.23,49.4,0.12,76.6,0.44,86.9,0.72,89.2,1.0,91.2
186.7,173.0,118.1,15.3,53.1,21.8,39.5,49.2,0.0,124.4,0.23,130.7,0.12,101.4,0.42,92.7,0.72,91.3,1.0,88.9,0.07,42.9,0.29,59.9,0.12,87.3,0.41,78.5,0.69,62.6,0.56,73.5
245.3,9.0,175.3,181.8,24.0,54.0,37.3,25.6,0.05,134.7,0.24,121.5,0.03,91.6,0.42,100.4,0.67,117.2,0.53,106.8,0.0,50.6,0.21,47.5,0.04,75.5,0.43,86.8,0.7,89.1,1.0,90.9
187.1,174.2,116.2,16.5,56.8,21.5,22.7,38.5,0.0,127.0,0.21,133.2,0.05,108.8,0.43,93.0,0.72,91.5,1.0,89.3,0.04,44.3,0.24,59.7,0.04,86.5,0.4,79.5,0.66,62.6,0.56,71.9
243.8,10.7,174.1,183.1,24.8,60.3,30.3,8.0,0.06,133.9,0.21,123.1,0.0,94.9,0.43,99.6,0.67,116.4,0.56,107.0,0.04,51.1,0.22,45.2,0.02,63.8,0.46,86.6,0.72,88.8,1.0,90.8
189.4,171.5,119.5,11.1,64.7,23.6,7.2,26.8,0.05,127.9,0.21,136.3,0.02,112.6,0.45,92.5,0.73,91.5,1.0,88.9,0.06,44.5,0.22,57.1,0.0,83.8,0.41,79.2,0.66,62.8,0.56,70.6
244.1,12.5,174.1,182.7,25.3,62.7,28.1,4.2,0.09,136.0,0.2,125.7,0.0,96.1,0.44,100.3,0.67,117.1,0.56,106.7,0.07,49.9,0.22,43.5,0.03,61.8,0.47,87.0,0.73,89.1,1.0,90.9
187.9,173.0,120.3,14.7,68.4,25.7,0.7,21.3,0.07,131.4,0.23,140.1,0.02,124.8,0.46,93.5,0.73,91.8,1.0,89.2,0.08,47.6,0.21,56.6,0.0,84.3,0.42,79.8,0.66,63.1,0.56,72.1
242.1,10.1,174.8,181.9,27.9,69.0,20.7,4.6,0.11,135.7,0.2,127.2,0.0,76.7,0.46,99.0,0.68,116.4,0.59,108.0,0.12,40.7,0.26,35.9,0.04,37.9,0.5,85.1,0.74,88.0,1.0,90.1
186.9,174.0,120.0,22.4,73.5,25.8,8.2,18.1,0.11,134.4,0.25,144.3,0.04,139.4,0.47,94.7,0.74,92.4,1.0,89.8,0.1,48.4,0.22,56.8,0.0,100.3,0.44,80.6,0.68,62.8,0.59,74.8
244.0,10.2,176.7,182.8,28.6,70.5,21.2,9.4,0.13,132.5,0.19,126.9,0.0,68.2,0.47,98.6,0.69,116.5,0.57,105.4,0.11,46.8,0.25,37.2,0.05,39.5,0.5,85.1,0.75,88.0,1.0,90.2
186.7,172.7,119.0,19.4,74.4,24.6,15.1,19.0,0.11,129.9,0.25,143.3,0.05,147.8,0.49,93.8,0.75,92.2,1.0,89.5,0.13,48.3,0.21,55.5,0.0,106.6,0.46,80.1,0.68,63.1,0.59,74.2
242.5,13.6,176.2,182.7,39.2,74.6,10.9,15.5,0.13,135.8,0.18,132.8,0.0,1.6,0.47,98.8,0.68,116.3,0.58,105.6,0.12,39.8,0.25,31.7,0.06,11.8,0.5,84.9,0.74,87.9,1.0,90.1
185.5,173.9,118.8,16.6,76.2,30.4,19.0,15.4,0.13,134.8,0.25,145.9,0.05,168.2,0.49,94.9,0.76,92.4,1.0,89.8,0.14,48.4,0.19,52.4,0.0,138.3,0.46,81.0,0.68,63.6,0.6,72.5
245.8,17.3,177.9,181.4,57.9,82.2,10.6,26.8,0.13,138.9,0.16,139.6,0.0,267.1,0.47,100.1,0.67,117.8,0.57,104.6,0.09,42.2,0.21,28.5,0.03,340.2,0.49,85.9,0.74,88.8,1.0,90.8
186.2,174.2,118.3,9.0,85.3,35.1,30.4,9.6,0.11,136.6,0.22,152.0,0.05,199.1,0.48,93.6,0.74,91.8,1.0,89.5,0.13,40.4,0.17,44.8,0.0,359.1,0.46,79.4,0.67,62.1,0.58,70.5
245.0,15.4,177.7,182.7,69.8,87.1,24.6,35.3,0.11,138.0,0.13,140.2,0.0,272.3,0.45,99.9,0.67,117.9,0.57,106.4,0.07,42.2,0.19,25.8,0.03,327.6,0.48,86.0,0.74,88.8,1.0,90.9
184.9,175.0,118.2,12.7,86.9,35.5,33.9,5.0,0.04,152.9,0.16,162.0,0.03,232.5,0.43,93.5,0.72,91.3,1.0,88.9,0.08,26.4,0.11,33.5,0.0,302.3,0.41,77.9,0.65,60.4,0.54,70.0
245.4,11.4,178.3,182.4,251.6,100.5,64.0,311.0,0.09,138.6,0.11,146.1,0.0,268.4,0.45,100.2,0.66,118.0,0.56,108.4,0.05,41.9,0.15,18.6,0.03,318.8,0.47,86.3,0.73,89.0,1.0,91.1
185.3,174.8,117.7,5.4,256.7,67.6,51.9,29.1,0.04,135.9,0.14,161.9,0.03,236.7,0.45,92.3,0.73,90.8,1.0,88.7,0.08,35.0,0.11,33.4,0.0,310.8,0.43,77.9,0.66,60.8,0.56,67.7
246.5,0.4,177.4,182.8,252.6,111.2,64.4,300.9,0.11,133.2,0.13,143.1,0.0,250.4,0.48,99.1,0.68,117.3,0.59,111.5,0.08,45.8,0.17,16.9,0.05,319.5,0.51,86.3,0.75,88.6,1.0,90.6
184.8,175.6,116.9,2.0,246.5,108.0,62.1,294.5,0.06,132.0,0.13,163.5,0.03,231.1,0.47,92.4,0.73,90.8,1.0,88.8,0.09,37.7,0.11,28.9,0.0,321.3,0.44,79.2,0.64,62.9,0.56,67.4
246.4,4.9,178.7,183.0,204.8,122.4,109.1,287.4,0.09,131.6,0.08,156.3,0.0,255.7,0.46,99.3,0.66,116.9,0.58,110.6,0.05,50.9,0.12,13.9,0.03,310.9,0.49,86.6,0.74,89.1,1.0,91.2
184.8,175.1,115.4,13.0,235.3,138.9,74.5,264.3,0.05,129.1,0.12,165.6,0.03,237.5,0.47,92.3,0.73,90.6,1.0,88.5,0.08,44.6,0.09,22.8,0.0,306.0,0.44,79.8,0.65,62.3,0.54,74.5
248.8,27.2,179.5,180.8,194.2,140.4,117.4,270.8,0.04,136.5,0.04,189.6,0.06,269.0,0.43,99.3,0.63,117.6,0.57,106.2,0.0,44.6,0.08,352.8,0.06,289.9,0.46,86.6,0.7,89.3,1.0,91.2
184.4,174.3,114.6,13.5,215.7,161.0,97.0,248.9,0.0,135.2,0.06,183.5,0.05,248.8,0.44,94.2,0.71,92.1,1.0,89.5,0.01,46.9,0.02,351.0,0.04,268.7,0.4,82.1,0.6,64.3,0.52,73.2
245.7,26.3,178.7,180.4,193.4,148.1,121.0,262.4,0.04,139.4,0.05,198.3,0.09,264.6,0.42,100.3,0.64,118.4,0.57,105.4,0.0,42.0,0.09,343.8,0.09,285.3,0.45,87.0,0.72,89.7,1.0,91.2
184.3,175.0,115.1,19.8,211.7,163.3,100.3,247.6,0.0,133.5,0.07,191.2,0.07,253.9,0.44,92.9,0.72,91.1,1.0,88.9,0.03,42.2,0.05,343.0,0.07,276.3,0.4,80.5,0.62,62.4,0.52,76.1
246.4,31.0,179.2,180.8,184.6,164.9,136.7,237.7,0.03,135.1,0.05,217.4,0.15,266.1,0.41,100.0,0.62,118.2,0.57,102.4,0.0,50.8,0.06,328.3,0.14,276.9,0.45,87.1,0.71,89.7,1.0,91.3
183.2,175.4,114.5,326.4,196.4,177.1,126.6,223.7,0.0,129.5,0.04,203.6,0.12,259.2,0.45,93.8,0.71,91.8,1.0,89.4,0.01,45.2,0.02,321.1,0.12,270.5,0.4,81.0,0.6,63.8,0.56,74.4
247.5,32.4,179.1,180.3,180.5,168.9,145.6,228.5,0.04,133.0,0.04,220.0,0.17,266.2,0.42,100.4,0.62,118.0,0.58,103.5,0.0,55.7,0.04,324.5,0.14,276.2,0.46,87.8,0.7,90.0,1.0,91.4
182.7,176.4,114.5,326.4,191.7,177.2,132.2,222.7,0.0,123.9,0.01,206.6,0.11,260.9,0.45,93.4,0.71,91.4,1.0,89.4,0.01,48.5,0.01,321.4,0.11,271.4,0.41,80.9,0.6,63.8,0.56,78.0
247.6,26.8,179.5,180.1,179.5,171.9,151.2,223.3,0.03,131.4,0.03,223.9,0.17,266.5,0.41,99.9,0.61,118.0,0.55,102.3,0.0,57.9,0.03,321.2,0.15,275.3,0.45,87.3,0.7,89.8,1.0,91.2
181.9,177.5,113.4,23.1,189.0,182.2,139.6,211.0,0.0,124.5,0.04,219.4,0.17,263.5,0.45,92.3,0.71,90.5,1.0,88.7,0.03,39.6,0.05,312.5,0.19,272.3,0.41,79.8,0.61,62.2,0.54,75.5
247.3,11.0,179.7,179.3,177.0,174.4,158.3,216.1,0.02,127.7,0.0,229.2,0.17,268.2,0.41,99.6,0.59,116.7,0.53,109.1,0.0,59.4,0.02,318.9,0.14,277.8,0.45,87.1,0.71,89.6,1.0,90.9
183.8,176.4,112.7,23.7,184.3,184.7,144.5,202.3,0.0,120.1,0.0,218.2,0.14,265.0,0.45,92.0,0.7,90.6,1.0,88.8,0.02,45.5,0.0,318.6,0.14,274.9,0.41,80.2,0.6,63.4,0.54,75.6
248.7,14.1,180.0,178.5,177.4,177.7,159.9,207.7,0.01,128.7,0.01,235.5,0.2,270.1,0.42,99.5,0.59,116.7,0.53,109.8,0.0,55.4,0.02,314.5,0.17,279.2,0.46,86.6,0.71,89.3,1.0,90.5
184.0,177.3,116.5,329.9,179.8,184.0,151.6,200.9,0.0,126.2,0.02,226.5,0.18,265.4,0.44,92.3,0.7,90.6,1.0,88.9,0.01,41.6,0.03,307.9,0.19,272.2,0.4,79.3,0.61,62.2,0.55,75.6
248.7,38.7,179.7,180.0,175.1,178.8,162.7,205.9,0.01,130.5,0.01,235.8,0.2,269.5,0.42,99.6,0.6,117.3,0.58,104.6,0.0,56.2,0.02,312.2,0.18,277.2,0.46,86.9,0.72,89.5,1.0,90.9
183.5,176.6,115.3,25.0,177.6,184.1,157.4,199.9,0.0,126.0,0.02,231.3,0.2,266.0,0.44,92.3,0.7,90.6,1.0,88.7,0.02,42.0,0.02,310.5,0.2,272.1,0.4,79.4,0.6,62.2,0.53,74.7
247.0,40.8,179.5,179.8,173.7,180.6,164.5,203.3,0.02,130.4,0.0,235.2,0.19,269.6,0.42,99.5,0.6,116.6,0.59,104.7,0.0,57.2,0.0,312.8,0.17,276.2,0.46,86.8,0.72,89.3,1.0,90.7
182.3,177.8,116.3,25.5,177.3,184.7,158.4,198.5,0.0,121.6,0.0,231.7,0.18,266.3,0.45,91.8,0.71,90.0,1.0,88.4,0.02,43.3,0.02,312.2,0.19,273.6,0.41,79.0,0.62,62.4,0.55,75.2
247.0,12.0,180.2,178.1,174.5,180.3,162.7,202.8,0.0,131.6,0.01,240.4,0.2,271.2,0.41,99.1,0.59,116.6,0.53,109.1,0.0,52.6,0.02,311.9,0.18,278.8,0.45,86.2,0.71,89.1,1.0,90.3
182.7,176.8,116.9,18.4,176.4,186.5,160.4,196.0,0.0,126.6,0.0,229.3,0.18,264.6,0.45,93.1,0.71,91.0,1.0,89.0,0.01,43.5,0.0,309.3,0.18,271.4,0.41,80.4,0.62,63.4,0.51,78.3
247.5,43.7,179.4,179.6,174.0,181.1,164.8,202.2,0.02,129.3,0.0,232.9,0.18,269.2,0.42,99.4,0.59,116.3,0.59,105.9,0.01,56.5,0.01,312.7,0.17,276.6,0.46,86.8,0.71,89.2,1.0,90.6
183.5,176.6,115.9,19.7,176.8,185.8,161.8,196.9,0.0,128.0,0.01,228.5,0.18,263.1,0.44,93.2,0.71,91.3,1.0,89.4,0.01,44.2,0.01,307.9,0.18,271.6,0.4,80.7,0.6,63.3,0.51,78.2
246.9,42.9,179.3,179.3,173.1,180.1,166.9,202.9,0.03,129.9,0.0,234.3,0.19,269.9,0.43,99.7,0.6,116.3,0.59,105.5,0.01,57.7,0.01,313.1,0.17,277.0,0.47,87.1,0.71,89.4,1.0,90.6
181.9,178.7,117.2,22.3,176.7,186.4,162.2,195.3,0.01,124.2,0.0,228.4,0.17,263.7,0.44,93.1,0.7,90.9,1.0,89.3,0.02,45.2,0.0,312.9,0.17,272.3,0.41,80.2,0.6,63.7,0.52,77.6
